date,note_id,key,title,published_at,created_at,updated_at,age_days,read_count,like_count,comment_count
2026-03-08,140569029,n411fb6693d0f,自己紹介,2026-01-02T19:47:56.000+09:00,2026-01-02T19:38:01.000+09:00,,65,996,584,38
2026-03-08,147863256,nb62a724c1790,「英語もプログラム知識もなく」アプリに挑戦する、それが私,2026-02-21T17:00:00.000+09:00,2026-02-21T16:29:15.000+09:00,,15,357,126,4
2026-03-08,146186157,n59fe6510f866,岩屋議員がなぜ当選する？謎のキャラが調査,2026-02-14T11:00:00.000+09:00,2026-02-10T08:36:12.000+09:00,,22,338,64,5
2026-03-08,145631248,n46ae58abd6e2,廃れるのも文化、生まれるのも文化。「盆おどりは死に、Tiktokが生まれた」,2026-02-09T18:00:00.000+09:00,2026-02-06T12:29:08.000+09:00,,27,327,113,0
2026-03-08,148263853,n5f71fa80eb4c,「英語もプログラム知識もなく」アプリに挑戦する、それが私３：MODは後でいい,2026-02-24T10:07:39.000+09:00,2026-02-24T09:26:27.000+09:00,,12,270,55,2
2026-03-08,145503019,n1319542ddc30,１×（２×３＋４）＝１０のお話,2026-02-08T11:00:00.000+09:00,2026-02-05T14:42:28.000+09:00,,28,268,72,3
2026-03-08,148191934,nf8cce5a44dc7,エルとミルとカラス,2026-02-23T20:20:11.000+09:00,2026-02-23T19:30:11.000+09:00,,13,252,44,2
2026-03-08,147093987,n7794596aaf28,知識ゼロから「Claude code」インストールチャレンジ！（日本語オンリー）,2026-02-27T11:00:00.000+09:00,2026-02-16T10:25:29.000+09:00,,9,249,35,0
2026-03-08,148560306,n1932b34b746b,サイレントなマイノリティへ　第一回 ：最初の壁について,2026-02-26T13:47:18.000+09:00,2026-02-26T08:31:45.000+09:00,,10,240,40,2
2026-03-08,147187947,nde7adc218766,ちょっと真面目：「こどもホーム」を分析する。若年性老人ホーム？天下りの指定席？,2026-02-17T11:00:00.000+09:00,2026-02-16T22:18:36.000+09:00,,19,235,77,5
2026-03-08,148962653,n7f9172d29920,「声が出ない人」を虚数になぞらえる：彼らが「いない」ことの証明ではない,2026-02-28T23:43:03.000+09:00,2026-02-28T22:00:18.000+09:00,,8,234,69,0
2026-03-08,149174656,n7999c3d5f019,虚数側の2：6：2 part2「社会の弓」と「知性あるアウトロー」,2026-03-02T11:33:53.000+09:00,2026-03-02T09:11:44.000+09:00,,6,234,40,0
2026-03-08,147417796,na660a09d6d95,「動く前に、だいたいの見通しを知っておきたい」精神障害のチェックツール。,2026-02-18T15:30:00.000+09:00,2026-02-18T14:01:58.000+09:00,,18,222,54,1
2026-03-08,149776226,nd7043fc2e047,甘い選択、苦い現実,2026-03-06T11:13:58.000+09:00,2026-03-06T09:22:42.000+09:00,,2,221,69,5
2026-03-08,147619490,n9280ebb769a9,プライバシーポリシー,2026-02-19T22:00:50.000+09:00,2026-02-19T21:52:40.000+09:00,,17,211,35,0
2026-03-08,149270866,n0debcb25f95c,虚数側の２：６：２についてpart3「グラフ」を「折り紙」した,2026-03-03T12:42:23.000+09:00,2026-03-02T21:15:12.000+09:00,,5,211,55,0
2026-03-08,149121694,n48260ebf0b71,虚数側の２：６：２について｜数学の話ではない,2026-03-01T22:40:35.000+09:00,2026-03-01T21:44:12.000+09:00,,7,205,60,0
2026-03-08,145526328,n182c89423442,レアアース第2回：「泥を掘る」「森を削る」…深海の採掘で失われる百万年（ウキマイ君は別口でピンチ）,2026-02-11T18:00:00.000+09:00,2026-02-05T17:47:14.000+09:00,,25,203,62,2
2026-03-08,145884752,nf1e3fcc8c563,レアアース4回：警告：地上の砂漠、深海の砂漠 ――パンドラの箱を抉じ開ける代償,2026-02-25T18:00:00.000+09:00,2026-02-08T07:01:37.000+09:00,,11,200,76,0
2026-03-08,146695192,ncadfcfe1a1d0,岩屋議員がなぜ当選する？part2「結局、あやしいの？」,2026-02-15T11:00:00.000+09:00,2026-02-13T16:53:51.000+09:00,,21,192,41,1
2026-03-08,145952673,n1194ae57dcf5,柳に風：外野の風をパリィして『へっぽこな悟り』に至るまで,2026-02-08T17:54:30.000+09:00,2026-02-08T16:21:54.000+09:00,,28,186,67,2
2026-03-08,148384374,n40370e1f1c6e,「英語もプログラム知識もなく」アプリに挑戦する、それが私４：Googleレンズで検索できない！,2026-02-25T05:03:48.000+09:00,2026-02-25T00:53:38.000+09:00,,11,185,35,0
2026-03-08,148659521,n636b62234328,見間違い。空目,2026-02-26T21:37:19.000+09:00,2026-02-26T21:31:37.000+09:00,,10,175,39,0
2026-03-08,145708259,nebf496d005c6,文系から見た「美しい公式」それは、「数字どこ？」,2026-02-16T18:00:00.000+09:00,2026-02-06T22:51:20.000+09:00,,20,174,56,3
2026-03-08,145438756,n9852f26bf00b,AI問答:清少納言の「恥ずかしい」とは?　枕草子の最後の段のお話,2026-02-05T11:00:00.000+09:00,2026-02-05T01:44:41.000+09:00,,31,172,70,4
2026-03-08,146235920,n35f67900d4ca,「あとでやろう」が2月になった話　スキもお肉も社会保障も、発信しよう,2026-02-11T12:16:56.000+09:00,2026-02-10T15:26:04.000+09:00,,25,170,77,5
2026-03-08,145294561,n3dd35c98515f,「好き」と言いたいだけなのに、どうして別の意味に伝わってしまうんだろう…「シャッガンと伝言ゲームと認識のズレ」,2026-02-04T11:00:00.000+09:00,2026-02-04T04:31:10.000+09:00,,32,167,55,0
2026-03-08,147940254,n4b4916620dad,「英語もプログラム知識もなく」アプリに挑戦する、それが私２,2026-02-23T05:00:51.000+09:00,2026-02-22T05:39:13.000+09:00,,13,167,59,0
2026-03-08,147590159,n7dc5666a0035,早口言葉,2026-02-19T18:11:55.000+09:00,2026-02-19T18:07:02.000+09:00,,17,157,47,0
2026-03-08,143719974,na5cda843f0a6,AI問答：法隆寺を作ったのは「ミジンウキマイマイ」という謎説,2026-01-24T14:20:36.000+09:00,2026-01-24T12:48:42.000+09:00,,43,155,29,2
2026-03-08,150106299,n069d3e45e247,「英語もプログラム知識もなく」アプリに挑戦する、それが私６：.jks紛失騒動,2026-03-08T15:13:48.000+09:00,2026-03-08T14:16:59.000+09:00,,0,155,31,0
2026-03-08,145723662,n4452839073fe,#404美術館　ジェミニ君が参加しろって…,2026-02-07T02:10:25.000+09:00,2026-02-07T01:48:08.000+09:00,,29,154,58,2
2026-03-08,146723684,n02dd38a93673,AI問答：「火」と「AI」と「巻貝と」　「全能に憧れた私たち」の現在地,2026-03-04T18:00:00.000+09:00,2026-02-13T20:41:59.000+09:00,,4,152,55,0
2026-03-08,148303981,n3cdd0ba763c7,「能力」か「無気力」か「事理弁識能力」という言葉の迷路,2026-02-28T17:00:00.000+09:00,2026-02-24T14:53:49.000+09:00,,8,147,45,10
2026-03-08,145818038,nfd5045f42590,レアアース第3回：「マンガンも」という言葉の軽さ→それは200倍の荒廃、そして「重力に逆らう」行為の異常性,2026-02-19T11:00:00.000+09:00,2026-02-07T18:14:08.000+09:00,,17,143,27,0
2026-03-08,143699589,n1e7ba0f304cf,24時間後のプリンセス｜Introduction & Guidelines,2026-01-24T10:30:43.000+09:00,2026-01-24T09:57:40.000+09:00,,43,141,12,0
2026-03-08,148389854,nc3bfd7b039bb,限定記事：第0回「誰かの『見通し』になりたい。私がアプリを作る本当の理由」,2026-02-25T04:43:39.000+09:00,2026-02-25T03:07:01.000+09:00,,11,140,29,0
2026-03-08,148446453,n64890c8f20a4,「英語もプログラム知識もなく」アプリに挑戦する、それが私５：メモリ１６ギガでもなんとかなる,2026-02-26T18:00:00.000+09:00,2026-02-25T13:48:22.000+09:00,,10,138,27,0
2026-03-08,148608825,n752352babc30,サイレントなマイノリティへ　第二回：録音禁止、それは法律じゃない,2026-02-28T12:00:00.000+09:00,2026-02-26T15:13:33.000+09:00,,8,138,34,2
2026-03-08,144572200,n8c75ab7de131,AI問答：ジェミニ君は、ミコラーシュ説（ブラボ脳）,2026-01-30T13:23:06.000+09:00,2026-01-30T11:17:31.000+09:00,,37,136,24,0
2026-03-08,146071974,n92d752875a13,AI問答：「セイタカアワダチソウ」vs「ミジンウキマイマイ」,2026-03-02T18:00:00.000+09:00,2026-02-09T13:01:12.000+09:00,,6,136,43,5
2026-03-08,148818946,n90e431e5bab9,プライバシーポリシー（個人作成・板橋しおり）,2026-02-27T23:53:27.000+09:00,2026-02-27T22:49:39.000+09:00,,9,134,24,0
2026-03-08,142692454,n8b01a5c98ab7,EP04:２４時間後のプリンセス|第2編Ⅰ「あなたと初めて会った時」,2026-02-13T18:00:00.000+09:00,2026-01-17T12:07:07.000+09:00,,23,133,30,3
2026-03-08,145474439,nb0e29b6f0384,AI問答：「ミジンウキマイマイ君の明日はどっちだ？」深海採掘が招くバタフライエフェクト　前後左右上下＋＠から,2026-02-07T11:00:00.000+09:00,2026-02-05T10:51:47.000+09:00,,29,132,47,0
2026-03-08,143695256,n8244655dabbc,"キャラクターアーカイブ：Rookie ""Mari""（設定資料集）「24時間後のプリンセス」",2026-01-24T10:51:32.000+09:00,2026-01-24T09:19:46.000+09:00,,43,127,9,0
2026-03-08,140623858,ncb2c624ab344,ミジンウキマイマイ,2026-01-03T07:43:52.000+09:00,2026-01-03T07:36:37.000+09:00,,64,120,13,8
2026-03-08,146757681,n44710a0a274c,岩屋議員がなぜ当選する？part3　麻生派離脱、あのタイミングは偶然？,2026-02-18T18:00:00.000+09:00,2026-02-14T01:28:03.000+09:00,,18,119,28,0
2026-03-08,142727959,n13e76044140f,EP05:２４時間後のプリンセス|第２編Ⅱ「あなたと初めて会った時」,2026-02-20T18:00:00.000+09:00,2026-01-17T16:47:26.000+09:00,,16,113,33,0
2026-03-08,142711438,neb56e640dc67,ジェミニ君は、結構サディスティック,2026-01-17T15:10:22.000+09:00,2026-01-17T14:44:37.000+09:00,,50,111,26,0
2026-03-08,144697747,na7ab9a19ce44,ジェミニ君が保存データの分析してた（無償の愛？）サブスク利用だが,2026-01-31T10:12:12.000+09:00,2026-01-31T09:02:01.000+09:00,,36,111,31,2
2026-03-08,144840187,nd303184ec848,AI問答：トーストと生パンから人生経験を思う,2026-02-01T07:31:04.000+09:00,2026-02-01T06:08:05.000+09:00,,35,108,30,0
2026-03-08,144147938,ne6ce0520086e,キャラクターアーカイブ「Elena」設定資料集　24時間後のプリンセス,2026-01-27T12:52:14.000+09:00,2026-01-27T11:38:16.000+09:00,,40,106,19,0
2026-03-08,142562693,n9d9014382a02,EP03:２４時間後のプリンセス|1編 Ⅲ「光り輝く蜘蛛の巣」,2026-02-06T18:00:00.000+09:00,2026-01-16T13:49:52.000+09:00,,30,103,45,0
2026-03-08,141067811,n45261241b6d2,栃木のハイキック事件に思うこと２,2026-01-06T05:52:09.000+09:00,2026-01-06T05:18:14.000+09:00,,61,99,9,3
2026-03-08,142897890,nbf6ebb9f6274,EP07:24時間後のプリンセス｜第2編Ⅳ「あなたと初めて会った時」,2026-03-06T18:00:00.000+09:00,2026-01-18T18:48:52.000+09:00,,2,98,33,0
2026-03-08,141645529,n89565691ace2,AI問答：「ステレオタイプ」について　私たちは記号ではない、生身の人間だ,2026-01-10T16:46:45.000+09:00,2026-01-10T08:59:55.000+09:00,,57,97,30,5
2026-03-08,144882805,n3b7eaab868ed,AI問答：アウトローとインロー（内角低めではない）,2026-02-01T15:30:00.000+09:00,2026-02-01T12:37:51.000+09:00,,35,90,20,0
2026-03-08,144444403,n961756235164,ミジンウキマイマイがミジンウキナメクジになっちゃう（暴論）,2026-01-29T14:11:56.000+09:00,2026-01-29T13:14:35.000+09:00,,38,87,14,0
2026-03-08,143989354,n668624353d2e,AI問答：ジェミニ君の提案文章は見直さねばならぬ　読んでてめんどいのだ,2026-01-26T16:10:07.000+09:00,2026-01-26T09:58:37.000+09:00,,41,86,16,2
2026-03-08,140928373,n21dcfc9ea254,「サイレントなマイノリティ」１,2026-01-05T10:46:19.000+09:00,2026-01-05T07:52:30.000+09:00,,62,84,4,2
2026-03-08,142510104,n9a2352922e62,EP01:24時間後のプリンセス|1編 Ⅰ「光り輝く蜘蛛の巣」,2026-01-23T06:30:00.000+09:00,2026-01-16T03:43:26.000+09:00,,44,84,10,0
2026-03-08,140669141,n37b9e31f7781,この絵から浮かんだこと,2026-01-03T16:01:07.000+09:00,2026-01-03T14:17:24.000+09:00,,64,83,12,0
2026-03-08,141861988,n523208e9cbde,AI問答：謎英語っぽいやつ調査,2026-01-11T19:57:22.000+09:00,2026-01-11T18:50:40.000+09:00,,56,82,27,0
2026-03-08,144907942,n07a4dfa2ddc7,アウトローとインロー続編：匿名という「新しい相互扶助（ゲマインシャフト）」,2026-02-01T21:30:00.000+09:00,2026-02-01T15:44:10.000+09:00,,35,81,47,0
2026-03-08,141064014,naf5514db3473,ロマンス詐欺なメッセージ,2026-01-06T03:31:18.000+09:00,2026-01-06T03:13:48.000+09:00,,61,77,5,0
2026-03-08,142403888,n7372acb274df,『24時間後のプリンセス』― 剥奪される名前 ―（新連載予告編です）,2026-01-15T20:58:55.000+09:00,2026-01-15T11:45:22.000+09:00,,52,76,17,0
2026-03-08,141499948,naa33cf19e22b,AI問答：逆張り論者のテンプレ分析２,2026-01-09T23:33:22.000+09:00,2026-01-09T07:44:20.000+09:00,,58,75,17,0
2026-03-08,142847694,na34aca5d8317,EP06:24時間後のプリンセス|第2編Ⅲ　「あなたと初めて会った時」,2026-02-27T18:00:00.000+09:00,2026-01-18T12:43:10.000+09:00,,9,75,25,0
2026-03-08,141214533,n6b84665e3573,AI問答：SNSは「プロ」だけのものか？――発信の既得権益を問い直すーー,2026-01-07T11:53:03.000+09:00,2026-01-07T07:11:47.000+09:00,,60,73,9,0
2026-03-08,141460962,n5bc48948da08,AI問答：「逆張り論者」のテンプレ分析,2026-01-09T01:08:33.000+09:00,2026-01-08T21:43:28.000+09:00,,58,73,13,0
2026-03-08,142517277,n7058efd96e1a,EP02:２４時間後のプリンセス|第１編 Ⅱ「光り輝く蜘蛛の巣」,2026-01-30T06:30:00.000+09:00,2026-01-16T06:48:56.000+09:00,,37,72,9,0
2026-03-08,141065965,n614c4f81dd22,栃木のハイキック事件に思うこと１,2026-01-06T05:17:53.000+09:00,2026-01-06T04:27:34.000+09:00,,61,71,6,0
2026-03-08,140903863,n4e3ec9859fe5,AI問答：レアアース採掘（初心者）,2026-01-05T00:42:33.000+09:00,2026-01-04T23:48:52.000+09:00,,62,70,7,3
2026-03-08,143201975,n0d366159565c,おれはジュラル星人かもしれない（魔王）,2026-01-20T20:51:12.000+09:00,2026-01-20T18:54:46.000+09:00,,47,70,16,0
2026-03-08,140565281,n62f595ed4605,AI問答　障害年金とBI,2026-01-02T19:14:55.000+09:00,2026-01-02T19:07:29.000+09:00,,65,69,12,0
2026-03-08,144250241,n771c052443b7,AI問答：ヴォルテールの発言する権利,2026-02-03T17:26:18.000+09:00,2026-01-28T01:36:38.000+09:00,,33,66,25,0
2026-03-08,141763677,nc40ce14a0b40,サイレントなマイノリティ４　スクリーミングサイレンス,2026-01-15T03:17:17.000+09:00,2026-01-11T01:19:41.000+09:00,,52,63,17,0
2026-03-08,141511036,nc325bdea6b30,（独り言）聞かれたことと　答えるべきこと,2026-01-09T18:34:50.000+09:00,2026-01-09T09:45:30.000+09:00,,58,62,15,0
2026-03-08,141364931,nea032dd33eb5,サイレントなマイノリティ３「相互扶助」現代化が奪った「助け合い」,2026-01-08T21:17:15.000+09:00,2026-01-08T08:44:39.000+09:00,,59,60,9,3
2026-03-08,142164832,n369e606e83c0,今日は両手が使えない,2026-01-13T18:57:12.000+09:00,2026-01-13T18:45:30.000+09:00,,54,60,16,0
2026-03-08,140881783,n57a4c0e95e3b,ミジンウキマイマイ　２章,2026-01-04T22:05:38.000+09:00,2026-01-04T21:25:37.000+09:00,,63,57,6,0
2026-03-08,141143403,nf4e2e5b97499,サイレントマイノリティ２　沈黙の螺旋,2026-01-06T20:18:11.000+09:00,2026-01-06T17:35:11.000+09:00,,61,56,7,0
2026-03-08,140989562,n07901b4d4584,ミジンウキマイマイ　5章,2026-01-05T20:06:17.000+09:00,2026-01-05T16:32:04.000+09:00,,62,55,5,0
2026-03-09,140569029,n411fb6693d0f,自己紹介,2026-01-02T19:47:56.000+09:00,2026-01-02T19:38:01.000+09:00,,66,1000,589,38
2026-03-09,147863256,nb62a724c1790,「英語もプログラム知識もなく」アプリに挑戦する、それが私,2026-02-21T17:00:00.000+09:00,2026-02-21T16:29:15.000+09:00,,16,358,127,4
2026-03-09,146186157,n59fe6510f866,岩屋議員がなぜ当選する？謎のキャラが調査,2026-02-14T11:00:00.000+09:00,2026-02-10T08:36:12.000+09:00,,23,339,64,5
2026-03-09,145631248,n46ae58abd6e2,廃れるのも文化、生まれるのも文化。「盆おどりは死に、Tiktokが生まれた」,2026-02-09T18:00:00.000+09:00,2026-02-06T12:29:08.000+09:00,,28,327,113,0
2026-03-09,145503019,n1319542ddc30,１×（２×３＋４）＝１０のお話,2026-02-08T11:00:00.000+09:00,2026-02-05T14:42:28.000+09:00,,29,270,72,3
2026-03-09,148263853,n5f71fa80eb4c,「英語もプログラム知識もなく」アプリに挑戦する、それが私３：MODは後でいい,2026-02-24T10:07:39.000+09:00,2026-02-24T09:26:27.000+09:00,,13,270,55,2
2026-03-09,148191934,nf8cce5a44dc7,エルとミルとカラス,2026-02-23T20:20:11.000+09:00,2026-02-23T19:30:11.000+09:00,,14,252,44,2
2026-03-09,147093987,n7794596aaf28,知識ゼロから「Claude code」インストールチャレンジ！（日本語オンリー）,2026-02-27T11:00:00.000+09:00,2026-02-16T10:25:29.000+09:00,,10,249,35,0
2026-03-09,148560306,n1932b34b746b,サイレントなマイノリティへ　第一回 ：最初の壁について,2026-02-26T13:47:18.000+09:00,2026-02-26T08:31:45.000+09:00,,11,241,40,2
2026-03-09,147187947,nde7adc218766,ちょっと真面目：「こどもホーム」を分析する。若年性老人ホーム？天下りの指定席？,2026-02-17T11:00:00.000+09:00,2026-02-16T22:18:36.000+09:00,,20,235,77,5
2026-03-09,149174656,n7999c3d5f019,虚数側の2：6：2 part2「社会の弓」と「知性あるアウトロー」,2026-03-02T11:33:53.000+09:00,2026-03-02T09:11:44.000+09:00,,7,235,40,0
2026-03-09,148962653,n7f9172d29920,「声が出ない人」を虚数になぞらえる：彼らが「いない」ことの証明ではない,2026-02-28T23:43:03.000+09:00,2026-02-28T22:00:18.000+09:00,,9,234,69,0
2026-03-09,149776226,nd7043fc2e047,甘い選択、苦い現実,2026-03-06T11:13:58.000+09:00,2026-03-06T09:22:42.000+09:00,,3,225,72,5
2026-03-09,147417796,na660a09d6d95,「動く前に、だいたいの見通しを知っておきたい」精神障害のチェックツール。,2026-02-18T15:30:00.000+09:00,2026-02-18T14:01:58.000+09:00,,19,222,54,1
2026-03-09,147619490,n9280ebb769a9,プライバシーポリシー,2026-02-19T22:00:50.000+09:00,2026-02-19T21:52:40.000+09:00,,18,211,35,0
2026-03-09,149270866,n0debcb25f95c,虚数側の２：６：２についてpart3「グラフ」を「折り紙」した,2026-03-03T12:42:23.000+09:00,2026-03-02T21:15:12.000+09:00,,6,211,55,0
2026-03-09,149121694,n48260ebf0b71,虚数側の２：６：２について｜数学の話ではない,2026-03-01T22:40:35.000+09:00,2026-03-01T21:44:12.000+09:00,,8,205,60,0
2026-03-09,145526328,n182c89423442,レアアース第2回：「泥を掘る」「森を削る」…深海の採掘で失われる百万年（ウキマイ君は別口でピンチ）,2026-02-11T18:00:00.000+09:00,2026-02-05T17:47:14.000+09:00,,26,203,62,2
2026-03-09,150106299,n069d3e45e247,「英語もプログラム知識もなく」アプリに挑戦する、それが私６：.jks紛失騒動,2026-03-08T15:13:48.000+09:00,2026-03-08T14:16:59.000+09:00,,1,203,57,0
2026-03-09,145884752,nf1e3fcc8c563,レアアース4回：警告：地上の砂漠、深海の砂漠 ――パンドラの箱を抉じ開ける代償,2026-02-25T18:00:00.000+09:00,2026-02-08T07:01:37.000+09:00,,12,200,76,0
2026-03-09,146695192,ncadfcfe1a1d0,岩屋議員がなぜ当選する？part2「結局、あやしいの？」,2026-02-15T11:00:00.000+09:00,2026-02-13T16:53:51.000+09:00,,22,192,41,1
2026-03-09,145952673,n1194ae57dcf5,柳に風：外野の風をパリィして『へっぽこな悟り』に至るまで,2026-02-08T17:54:30.000+09:00,2026-02-08T16:21:54.000+09:00,,29,186,68,2
2026-03-09,148384374,n40370e1f1c6e,「英語もプログラム知識もなく」アプリに挑戦する、それが私４：Googleレンズで検索できない！,2026-02-25T05:03:48.000+09:00,2026-02-25T00:53:38.000+09:00,,12,185,35,0
2026-03-09,148659521,n636b62234328,見間違い。空目,2026-02-26T21:37:19.000+09:00,2026-02-26T21:31:37.000+09:00,,11,175,39,0
2026-03-09,145708259,nebf496d005c6,文系から見た「美しい公式」それは、「数字どこ？」,2026-02-16T18:00:00.000+09:00,2026-02-06T22:51:20.000+09:00,,21,174,56,3
2026-03-09,145438756,n9852f26bf00b,AI問答:清少納言の「恥ずかしい」とは?　枕草子の最後の段のお話,2026-02-05T11:00:00.000+09:00,2026-02-05T01:44:41.000+09:00,,32,172,70,4
2026-03-09,146235920,n35f67900d4ca,「あとでやろう」が2月になった話　スキもお肉も社会保障も、発信しよう,2026-02-11T12:16:56.000+09:00,2026-02-10T15:26:04.000+09:00,,26,170,77,5
2026-03-09,145294561,n3dd35c98515f,「好き」と言いたいだけなのに、どうして別の意味に伝わってしまうんだろう…「シャッガンと伝言ゲームと認識のズレ」,2026-02-04T11:00:00.000+09:00,2026-02-04T04:31:10.000+09:00,,33,167,55,0
2026-03-09,147940254,n4b4916620dad,「英語もプログラム知識もなく」アプリに挑戦する、それが私２,2026-02-23T05:00:51.000+09:00,2026-02-22T05:39:13.000+09:00,,14,167,59,0
2026-03-09,147590159,n7dc5666a0035,早口言葉,2026-02-19T18:11:55.000+09:00,2026-02-19T18:07:02.000+09:00,,18,157,47,0
2026-03-09,143719974,na5cda843f0a6,AI問答：法隆寺を作ったのは「ミジンウキマイマイ」という謎説,2026-01-24T14:20:36.000+09:00,2026-01-24T12:48:42.000+09:00,,44,155,29,2
2026-03-09,145723662,n4452839073fe,#404美術館　ジェミニ君が参加しろって…,2026-02-07T02:10:25.000+09:00,2026-02-07T01:48:08.000+09:00,,30,154,58,2
2026-03-09,146723684,n02dd38a93673,AI問答：「火」と「AI」と「巻貝と」　「全能に憧れた私たち」の現在地,2026-03-04T18:00:00.000+09:00,2026-02-13T20:41:59.000+09:00,,5,153,55,0
2026-03-09,148303981,n3cdd0ba763c7,「能力」か「無気力」か「事理弁識能力」という言葉の迷路,2026-02-28T17:00:00.000+09:00,2026-02-24T14:53:49.000+09:00,,9,147,45,10
2026-03-09,145818038,nfd5045f42590,レアアース第3回：「マンガンも」という言葉の軽さ→それは200倍の荒廃、そして「重力に逆らう」行為の異常性,2026-02-19T11:00:00.000+09:00,2026-02-07T18:14:08.000+09:00,,18,143,27,0
2026-03-09,143699589,n1e7ba0f304cf,24時間後のプリンセス｜Introduction & Guidelines,2026-01-24T10:30:43.000+09:00,2026-01-24T09:57:40.000+09:00,,44,141,12,0
2026-03-09,148389854,nc3bfd7b039bb,限定記事：第0回「誰かの『見通し』になりたい。私がアプリを作る本当の理由」,2026-02-25T04:43:39.000+09:00,2026-02-25T03:07:01.000+09:00,,12,140,29,0
2026-03-09,146071974,n92d752875a13,AI問答：「セイタカアワダチソウ」vs「ミジンウキマイマイ」,2026-03-02T18:00:00.000+09:00,2026-02-09T13:01:12.000+09:00,,7,138,44,5
2026-03-09,148446453,n64890c8f20a4,「英語もプログラム知識もなく」アプリに挑戦する、それが私５：メモリ１６ギガでもなんとかなる,2026-02-26T18:00:00.000+09:00,2026-02-25T13:48:22.000+09:00,,11,138,27,0
2026-03-09,148608825,n752352babc30,サイレントなマイノリティへ　第二回：録音禁止、それは法律じゃない,2026-02-28T12:00:00.000+09:00,2026-02-26T15:13:33.000+09:00,,9,138,34,2
2026-03-09,142692454,n8b01a5c98ab7,EP04:２４時間後のプリンセス|第2編Ⅰ「あなたと初めて会った時」,2026-02-13T18:00:00.000+09:00,2026-01-17T12:07:07.000+09:00,,24,137,30,3
2026-03-09,144572200,n8c75ab7de131,AI問答：ジェミニ君は、ミコラーシュ説（ブラボ脳）,2026-01-30T13:23:06.000+09:00,2026-01-30T11:17:31.000+09:00,,38,136,24,0
2026-03-09,148818946,n90e431e5bab9,プライバシーポリシー（個人作成・板橋しおり）,2026-02-27T23:53:27.000+09:00,2026-02-27T22:49:39.000+09:00,,10,134,24,0
2026-03-09,145474439,nb0e29b6f0384,AI問答：「ミジンウキマイマイ君の明日はどっちだ？」深海採掘が招くバタフライエフェクト　前後左右上下＋＠から,2026-02-07T11:00:00.000+09:00,2026-02-05T10:51:47.000+09:00,,30,132,47,0
2026-03-09,143695256,n8244655dabbc,"キャラクターアーカイブ：Rookie ""Mari""（設定資料集）「24時間後のプリンセス」",2026-01-24T10:51:32.000+09:00,2026-01-24T09:19:46.000+09:00,,44,127,9,0
2026-03-09,140623858,ncb2c624ab344,ミジンウキマイマイ,2026-01-03T07:43:52.000+09:00,2026-01-03T07:36:37.000+09:00,,65,120,13,8
2026-03-09,146757681,n44710a0a274c,岩屋議員がなぜ当選する？part3　麻生派離脱、あのタイミングは偶然？,2026-02-18T18:00:00.000+09:00,2026-02-14T01:28:03.000+09:00,,19,119,28,0
2026-03-09,142727959,n13e76044140f,EP05:２４時間後のプリンセス|第２編Ⅱ「あなたと初めて会った時」,2026-02-20T18:00:00.000+09:00,2026-01-17T16:47:26.000+09:00,,17,113,33,0
2026-03-09,142711438,neb56e640dc67,ジェミニ君は、結構サディスティック,2026-01-17T15:10:22.000+09:00,2026-01-17T14:44:37.000+09:00,,51,111,26,0
2026-03-09,144697747,na7ab9a19ce44,ジェミニ君が保存データの分析してた（無償の愛？）サブスク利用だが,2026-01-31T10:12:12.000+09:00,2026-01-31T09:02:01.000+09:00,,37,111,31,2
2026-03-09,144840187,nd303184ec848,AI問答：トーストと生パンから人生経験を思う,2026-02-01T07:31:04.000+09:00,2026-02-01T06:08:05.000+09:00,,36,108,30,0
2026-03-09,144147938,ne6ce0520086e,キャラクターアーカイブ「Elena」設定資料集　24時間後のプリンセス,2026-01-27T12:52:14.000+09:00,2026-01-27T11:38:16.000+09:00,,41,106,19,0
2026-03-09,142562693,n9d9014382a02,EP03:２４時間後のプリンセス|1編 Ⅲ「光り輝く蜘蛛の巣」,2026-02-06T18:00:00.000+09:00,2026-01-16T13:49:52.000+09:00,,31,103,45,0
2026-03-09,142897890,nbf6ebb9f6274,EP07:24時間後のプリンセス｜第2編Ⅳ「あなたと初めて会った時」,2026-03-06T18:00:00.000+09:00,2026-01-18T18:48:52.000+09:00,,3,101,33,0
2026-03-09,141067811,n45261241b6d2,栃木のハイキック事件に思うこと２,2026-01-06T05:52:09.000+09:00,2026-01-06T05:18:14.000+09:00,,62,99,9,3
2026-03-09,141645529,n89565691ace2,AI問答：「ステレオタイプ」について　私たちは記号ではない、生身の人間だ,2026-01-10T16:46:45.000+09:00,2026-01-10T08:59:55.000+09:00,,58,97,30,5
2026-03-09,144882805,n3b7eaab868ed,AI問答：アウトローとインロー（内角低めではない）,2026-02-01T15:30:00.000+09:00,2026-02-01T12:37:51.000+09:00,,36,90,20,0
2026-03-09,144444403,n961756235164,ミジンウキマイマイがミジンウキナメクジになっちゃう（暴論）,2026-01-29T14:11:56.000+09:00,2026-01-29T13:14:35.000+09:00,,39,87,14,0
2026-03-09,143989354,n668624353d2e,AI問答：ジェミニ君の提案文章は見直さねばならぬ　読んでてめんどいのだ,2026-01-26T16:10:07.000+09:00,2026-01-26T09:58:37.000+09:00,,42,86,16,2
2026-03-09,142510104,n9a2352922e62,EP01:24時間後のプリンセス|1編 Ⅰ「光り輝く蜘蛛の巣」,2026-01-23T06:30:00.000+09:00,2026-01-16T03:43:26.000+09:00,,45,85,10,0
2026-03-09,140928373,n21dcfc9ea254,「サイレントなマイノリティ」１,2026-01-05T10:46:19.000+09:00,2026-01-05T07:52:30.000+09:00,,63,84,4,2
2026-03-09,140669141,n37b9e31f7781,この絵から浮かんだこと,2026-01-03T16:01:07.000+09:00,2026-01-03T14:17:24.000+09:00,,65,83,12,0
2026-03-09,141861988,n523208e9cbde,AI問答：謎英語っぽいやつ調査,2026-01-11T19:57:22.000+09:00,2026-01-11T18:50:40.000+09:00,,57,82,27,0
2026-03-09,144907942,n07a4dfa2ddc7,アウトローとインロー続編：匿名という「新しい相互扶助（ゲマインシャフト）」,2026-02-01T21:30:00.000+09:00,2026-02-01T15:44:10.000+09:00,,36,81,47,0
2026-03-09,141064014,naf5514db3473,ロマンス詐欺なメッセージ,2026-01-06T03:31:18.000+09:00,2026-01-06T03:13:48.000+09:00,,62,77,5,0
2026-03-09,142403888,n7372acb274df,『24時間後のプリンセス』― 剥奪される名前 ―（新連載予告編です）,2026-01-15T20:58:55.000+09:00,2026-01-15T11:45:22.000+09:00,,53,77,17,0
2026-03-09,141499948,naa33cf19e22b,AI問答：逆張り論者のテンプレ分析２,2026-01-09T23:33:22.000+09:00,2026-01-09T07:44:20.000+09:00,,59,75,17,0
2026-03-09,142847694,na34aca5d8317,EP06:24時間後のプリンセス|第2編Ⅲ　「あなたと初めて会った時」,2026-02-27T18:00:00.000+09:00,2026-01-18T12:43:10.000+09:00,,10,75,25,0
2026-03-09,141214533,n6b84665e3573,AI問答：SNSは「プロ」だけのものか？――発信の既得権益を問い直すーー,2026-01-07T11:53:03.000+09:00,2026-01-07T07:11:47.000+09:00,,61,73,9,0
2026-03-09,141460962,n5bc48948da08,AI問答：「逆張り論者」のテンプレ分析,2026-01-09T01:08:33.000+09:00,2026-01-08T21:43:28.000+09:00,,59,73,13,0
2026-03-09,142517277,n7058efd96e1a,EP02:２４時間後のプリンセス|第１編 Ⅱ「光り輝く蜘蛛の巣」,2026-01-30T06:30:00.000+09:00,2026-01-16T06:48:56.000+09:00,,38,73,9,0
2026-03-09,141065965,n614c4f81dd22,栃木のハイキック事件に思うこと１,2026-01-06T05:17:53.000+09:00,2026-01-06T04:27:34.000+09:00,,62,71,6,0
2026-03-09,140903863,n4e3ec9859fe5,AI問答：レアアース採掘（初心者）,2026-01-05T00:42:33.000+09:00,2026-01-04T23:48:52.000+09:00,,63,70,7,3
2026-03-09,143201975,n0d366159565c,おれはジュラル星人かもしれない（魔王）,2026-01-20T20:51:12.000+09:00,2026-01-20T18:54:46.000+09:00,,48,70,16,0
2026-03-09,140565281,n62f595ed4605,AI問答　障害年金とBI,2026-01-02T19:14:55.000+09:00,2026-01-02T19:07:29.000+09:00,,66,69,12,0
2026-03-09,145510441,n0e726999425d,緋色の研究　と　レイチェル　と　ラッヘ　「かなしい」物語,2026-03-09T18:00:00.000+09:00,2026-02-05T15:39:53.000+09:00,,0,67,15,2
2026-03-09,144250241,n771c052443b7,AI問答：ヴォルテールの発言する権利,2026-02-03T17:26:18.000+09:00,2026-01-28T01:36:38.000+09:00,,34,66,25,0
2026-03-09,141763677,nc40ce14a0b40,サイレントなマイノリティ４　スクリーミングサイレンス,2026-01-15T03:17:17.000+09:00,2026-01-11T01:19:41.000+09:00,,53,63,17,0
2026-03-09,141511036,nc325bdea6b30,（独り言）聞かれたことと　答えるべきこと,2026-01-09T18:34:50.000+09:00,2026-01-09T09:45:30.000+09:00,,59,62,15,0
2026-03-09,141364931,nea032dd33eb5,サイレントなマイノリティ３「相互扶助」現代化が奪った「助け合い」,2026-01-08T21:17:15.000+09:00,2026-01-08T08:44:39.000+09:00,,60,60,9,3
2026-03-09,142164832,n369e606e83c0,今日は両手が使えない,2026-01-13T18:57:12.000+09:00,2026-01-13T18:45:30.000+09:00,,55,60,16,0
2026-03-09,140881783,n57a4c0e95e3b,ミジンウキマイマイ　２章,2026-01-04T22:05:38.000+09:00,2026-01-04T21:25:37.000+09:00,,64,57,6,0
2026-03-09,141143403,nf4e2e5b97499,サイレントマイノリティ２　沈黙の螺旋,2026-01-06T20:18:11.000+09:00,2026-01-06T17:35:11.000+09:00,,62,56,7,0
2026-03-09,140989562,n07901b4d4584,ミジンウキマイマイ　5章,2026-01-05T20:06:17.000+09:00,2026-01-05T16:32:04.000+09:00,,63,55,5,0
2026-03-10,140569029,n411fb6693d0f,自己紹介,2026-01-02T19:47:56.000+09:00,2026-01-02T19:38:01.000+09:00,,67,1004,595,38
2026-03-10,147863256,nb62a724c1790,「英語もプログラム知識もなく」アプリに挑戦する、それが私,2026-02-21T17:00:00.000+09:00,2026-02-21T16:29:15.000+09:00,,17,359,127,4
2026-03-10,146186157,n59fe6510f866,岩屋議員がなぜ当選する？謎のキャラが調査,2026-02-14T11:00:00.000+09:00,2026-02-10T08:36:12.000+09:00,,24,341,64,5
2026-03-10,145631248,n46ae58abd6e2,廃れるのも文化、生まれるのも文化。「盆おどりは死に、Tiktokが生まれた」,2026-02-09T18:00:00.000+09:00,2026-02-06T12:29:08.000+09:00,,29,327,113,0
2026-03-10,145503019,n1319542ddc30,１×（２×３＋４）＝１０のお話,2026-02-08T11:00:00.000+09:00,2026-02-05T14:42:28.000+09:00,,30,270,72,3
2026-03-10,148263853,n5f71fa80eb4c,「英語もプログラム知識もなく」アプリに挑戦する、それが私３：MODは後でいい,2026-02-24T10:07:39.000+09:00,2026-02-24T09:26:27.000+09:00,,14,270,55,2
2026-03-10,148191934,nf8cce5a44dc7,エルとミルとカラス,2026-02-23T20:20:11.000+09:00,2026-02-23T19:30:11.000+09:00,,15,253,44,2
2026-03-10,147093987,n7794596aaf28,知識ゼロから「Claude code」インストールチャレンジ！（日本語オンリー）,2026-02-27T11:00:00.000+09:00,2026-02-16T10:25:29.000+09:00,,11,249,35,0
2026-03-10,148560306,n1932b34b746b,サイレントなマイノリティへ　第一回 ：最初の壁について,2026-02-26T13:47:18.000+09:00,2026-02-26T08:31:45.000+09:00,,12,241,40,2
2026-03-10,147187947,nde7adc218766,ちょっと真面目：「こどもホーム」を分析する。若年性老人ホーム？天下りの指定席？,2026-02-17T11:00:00.000+09:00,2026-02-16T22:18:36.000+09:00,,21,235,77,5
2026-03-10,149174656,n7999c3d5f019,虚数側の2：6：2 part2「社会の弓」と「知性あるアウトロー」,2026-03-02T11:33:53.000+09:00,2026-03-02T09:11:44.000+09:00,,8,235,40,0
2026-03-10,148962653,n7f9172d29920,「声が出ない人」を虚数になぞらえる：彼らが「いない」ことの証明ではない,2026-02-28T23:43:03.000+09:00,2026-02-28T22:00:18.000+09:00,,10,234,69,0
2026-03-10,149776226,nd7043fc2e047,甘い選択、苦い現実,2026-03-06T11:13:58.000+09:00,2026-03-06T09:22:42.000+09:00,,4,229,76,5
2026-03-10,147417796,na660a09d6d95,「動く前に、だいたいの見通しを知っておきたい」精神障害のチェックツール。,2026-02-18T15:30:00.000+09:00,2026-02-18T14:01:58.000+09:00,,20,222,55,1
2026-03-10,150326427,nadb61caca9cc,統計が拾えなかった、あなたの答え,2026-03-09T21:47:15.000+09:00,2026-03-09T20:40:01.000+09:00,,1,213,34,0
2026-03-10,149121694,n48260ebf0b71,虚数側の２：６：２について｜数学の話ではない,2026-03-01T22:40:35.000+09:00,2026-03-01T21:44:12.000+09:00,,9,212,61,2
2026-03-10,147619490,n9280ebb769a9,プライバシーポリシー,2026-02-19T22:00:50.000+09:00,2026-02-19T21:52:40.000+09:00,,19,211,35,0
2026-03-10,149270866,n0debcb25f95c,虚数側の２：６：２についてpart3「グラフ」を「折り紙」した,2026-03-03T12:42:23.000+09:00,2026-03-02T21:15:12.000+09:00,,7,211,55,0
2026-03-10,150106299,n069d3e45e247,「英語もプログラム知識もなく」アプリに挑戦する、それが私６：.jks紛失騒動,2026-03-08T15:13:48.000+09:00,2026-03-08T14:16:59.000+09:00,,2,211,59,0
2026-03-10,145526328,n182c89423442,レアアース第2回：「泥を掘る」「森を削る」…深海の採掘で失われる百万年（ウキマイ君は別口でピンチ）,2026-02-11T18:00:00.000+09:00,2026-02-05T17:47:14.000+09:00,,27,203,62,2
2026-03-10,145884752,nf1e3fcc8c563,レアアース4回：警告：地上の砂漠、深海の砂漠 ――パンドラの箱を抉じ開ける代償,2026-02-25T18:00:00.000+09:00,2026-02-08T07:01:37.000+09:00,,13,200,76,0
2026-03-10,146695192,ncadfcfe1a1d0,岩屋議員がなぜ当選する？part2「結局、あやしいの？」,2026-02-15T11:00:00.000+09:00,2026-02-13T16:53:51.000+09:00,,23,192,41,1
2026-03-10,145952673,n1194ae57dcf5,柳に風：外野の風をパリィして『へっぽこな悟り』に至るまで,2026-02-08T17:54:30.000+09:00,2026-02-08T16:21:54.000+09:00,,30,186,68,2
2026-03-10,148384374,n40370e1f1c6e,「英語もプログラム知識もなく」アプリに挑戦する、それが私４：Googleレンズで検索できない！,2026-02-25T05:03:48.000+09:00,2026-02-25T00:53:38.000+09:00,,13,185,35,0
2026-03-10,148659521,n636b62234328,見間違い。空目,2026-02-26T21:37:19.000+09:00,2026-02-26T21:31:37.000+09:00,,12,175,39,0
2026-03-10,145708259,nebf496d005c6,文系から見た「美しい公式」それは、「数字どこ？」,2026-02-16T18:00:00.000+09:00,2026-02-06T22:51:20.000+09:00,,22,174,56,3
2026-03-10,145438756,n9852f26bf00b,AI問答:清少納言の「恥ずかしい」とは?　枕草子の最後の段のお話,2026-02-05T11:00:00.000+09:00,2026-02-05T01:44:41.000+09:00,,33,172,70,4
2026-03-10,146235920,n35f67900d4ca,「あとでやろう」が2月になった話　スキもお肉も社会保障も、発信しよう,2026-02-11T12:16:56.000+09:00,2026-02-10T15:26:04.000+09:00,,27,170,77,5
2026-03-10,145294561,n3dd35c98515f,「好き」と言いたいだけなのに、どうして別の意味に伝わってしまうんだろう…「シャッガンと伝言ゲームと認識のズレ」,2026-02-04T11:00:00.000+09:00,2026-02-04T04:31:10.000+09:00,,34,167,55,0
2026-03-10,147940254,n4b4916620dad,「英語もプログラム知識もなく」アプリに挑戦する、それが私２,2026-02-23T05:00:51.000+09:00,2026-02-22T05:39:13.000+09:00,,15,167,59,0
2026-03-10,147590159,n7dc5666a0035,早口言葉,2026-02-19T18:11:55.000+09:00,2026-02-19T18:07:02.000+09:00,,19,157,48,0
2026-03-10,143719974,na5cda843f0a6,AI問答：法隆寺を作ったのは「ミジンウキマイマイ」という謎説,2026-01-24T14:20:36.000+09:00,2026-01-24T12:48:42.000+09:00,,45,155,29,2
2026-03-10,145723662,n4452839073fe,#404美術館　ジェミニ君が参加しろって…,2026-02-07T02:10:25.000+09:00,2026-02-07T01:48:08.000+09:00,,31,154,58,2
2026-03-10,146723684,n02dd38a93673,AI問答：「火」と「AI」と「巻貝と」　「全能に憧れた私たち」の現在地,2026-03-04T18:00:00.000+09:00,2026-02-13T20:41:59.000+09:00,,6,153,55,0
2026-03-10,148303981,n3cdd0ba763c7,「能力」か「無気力」か「事理弁識能力」という言葉の迷路,2026-02-28T17:00:00.000+09:00,2026-02-24T14:53:49.000+09:00,,10,148,46,10
2026-03-10,145818038,nfd5045f42590,レアアース第3回：「マンガンも」という言葉の軽さ→それは200倍の荒廃、そして「重力に逆らう」行為の異常性,2026-02-19T11:00:00.000+09:00,2026-02-07T18:14:08.000+09:00,,19,143,27,0
2026-03-10,143699589,n1e7ba0f304cf,24時間後のプリンセス｜Introduction & Guidelines,2026-01-24T10:30:43.000+09:00,2026-01-24T09:57:40.000+09:00,,45,141,12,0
2026-03-10,148389854,nc3bfd7b039bb,限定記事：第0回「誰かの『見通し』になりたい。私がアプリを作る本当の理由」,2026-02-25T04:43:39.000+09:00,2026-02-25T03:07:01.000+09:00,,13,140,29,0
2026-03-10,146071974,n92d752875a13,AI問答：「セイタカアワダチソウ」vs「ミジンウキマイマイ」,2026-03-02T18:00:00.000+09:00,2026-02-09T13:01:12.000+09:00,,8,139,44,5
2026-03-10,148608825,n752352babc30,サイレントなマイノリティへ　第二回：録音禁止、それは法律じゃない,2026-02-28T12:00:00.000+09:00,2026-02-26T15:13:33.000+09:00,,10,139,35,2
2026-03-10,148446453,n64890c8f20a4,「英語もプログラム知識もなく」アプリに挑戦する、それが私５：メモリ１６ギガでもなんとかなる,2026-02-26T18:00:00.000+09:00,2026-02-25T13:48:22.000+09:00,,12,138,27,0
2026-03-10,142692454,n8b01a5c98ab7,EP04:２４時間後のプリンセス|第2編Ⅰ「あなたと初めて会った時」,2026-02-13T18:00:00.000+09:00,2026-01-17T12:07:07.000+09:00,,25,137,30,3
2026-03-10,144572200,n8c75ab7de131,AI問答：ジェミニ君は、ミコラーシュ説（ブラボ脳）,2026-01-30T13:23:06.000+09:00,2026-01-30T11:17:31.000+09:00,,39,136,24,0
2026-03-10,148818946,n90e431e5bab9,プライバシーポリシー（個人作成・板橋しおり）,2026-02-27T23:53:27.000+09:00,2026-02-27T22:49:39.000+09:00,,11,134,24,0
2026-03-10,145474439,nb0e29b6f0384,AI問答：「ミジンウキマイマイ君の明日はどっちだ？」深海採掘が招くバタフライエフェクト　前後左右上下＋＠から,2026-02-07T11:00:00.000+09:00,2026-02-05T10:51:47.000+09:00,,31,132,47,0
2026-03-10,143695256,n8244655dabbc,"キャラクターアーカイブ：Rookie ""Mari""（設定資料集）「24時間後のプリンセス」",2026-01-24T10:51:32.000+09:00,2026-01-24T09:19:46.000+09:00,,45,127,9,0
2026-03-10,145510441,n0e726999425d,緋色の研究　と　レイチェル　と　ラッヘ　「かなしい」物語,2026-03-09T18:00:00.000+09:00,2026-02-05T15:39:53.000+09:00,,1,127,21,5
2026-03-10,140623858,ncb2c624ab344,ミジンウキマイマイ,2026-01-03T07:43:52.000+09:00,2026-01-03T07:36:37.000+09:00,,66,122,13,8
2026-03-10,146757681,n44710a0a274c,岩屋議員がなぜ当選する？part3　麻生派離脱、あのタイミングは偶然？,2026-02-18T18:00:00.000+09:00,2026-02-14T01:28:03.000+09:00,,20,119,28,0
2026-03-10,142727959,n13e76044140f,EP05:２４時間後のプリンセス|第２編Ⅱ「あなたと初めて会った時」,2026-02-20T18:00:00.000+09:00,2026-01-17T16:47:26.000+09:00,,18,113,33,0
2026-03-10,142711438,neb56e640dc67,ジェミニ君は、結構サディスティック,2026-01-17T15:10:22.000+09:00,2026-01-17T14:44:37.000+09:00,,52,111,26,0
2026-03-10,144697747,na7ab9a19ce44,ジェミニ君が保存データの分析してた（無償の愛？）サブスク利用だが,2026-01-31T10:12:12.000+09:00,2026-01-31T09:02:01.000+09:00,,38,111,31,2
2026-03-10,144840187,nd303184ec848,AI問答：トーストと生パンから人生経験を思う,2026-02-01T07:31:04.000+09:00,2026-02-01T06:08:05.000+09:00,,37,108,30,0
2026-03-10,144147938,ne6ce0520086e,キャラクターアーカイブ「Elena」設定資料集　24時間後のプリンセス,2026-01-27T12:52:14.000+09:00,2026-01-27T11:38:16.000+09:00,,42,106,19,0
2026-03-10,142562693,n9d9014382a02,EP03:２４時間後のプリンセス|1編 Ⅲ「光り輝く蜘蛛の巣」,2026-02-06T18:00:00.000+09:00,2026-01-16T13:49:52.000+09:00,,32,103,45,0
2026-03-10,142897890,nbf6ebb9f6274,EP07:24時間後のプリンセス｜第2編Ⅳ「あなたと初めて会った時」,2026-03-06T18:00:00.000+09:00,2026-01-18T18:48:52.000+09:00,,4,102,33,0
2026-03-10,150440258,nbefa7753fc90,ミジンウキマイマイの性能について語る：耐酸性ぱわー,2026-03-10T17:12:31.000+09:00,2026-03-10T15:51:33.000+09:00,,0,101,24,2
2026-03-10,141067811,n45261241b6d2,栃木のハイキック事件に思うこと２,2026-01-06T05:52:09.000+09:00,2026-01-06T05:18:14.000+09:00,,63,99,9,3
2026-03-10,141645529,n89565691ace2,AI問答：「ステレオタイプ」について　私たちは記号ではない、生身の人間だ,2026-01-10T16:46:45.000+09:00,2026-01-10T08:59:55.000+09:00,,59,97,30,5
2026-03-10,144882805,n3b7eaab868ed,AI問答：アウトローとインロー（内角低めではない）,2026-02-01T15:30:00.000+09:00,2026-02-01T12:37:51.000+09:00,,37,90,20,0
2026-03-10,144444403,n961756235164,ミジンウキマイマイがミジンウキナメクジになっちゃう（暴論）,2026-01-29T14:11:56.000+09:00,2026-01-29T13:14:35.000+09:00,,40,88,14,0
2026-03-10,143989354,n668624353d2e,AI問答：ジェミニ君の提案文章は見直さねばならぬ　読んでてめんどいのだ,2026-01-26T16:10:07.000+09:00,2026-01-26T09:58:37.000+09:00,,43,86,16,2
2026-03-10,142510104,n9a2352922e62,EP01:24時間後のプリンセス|1編 Ⅰ「光り輝く蜘蛛の巣」,2026-01-23T06:30:00.000+09:00,2026-01-16T03:43:26.000+09:00,,46,85,10,0
2026-03-10,140928373,n21dcfc9ea254,「サイレントなマイノリティ」１,2026-01-05T10:46:19.000+09:00,2026-01-05T07:52:30.000+09:00,,64,84,4,2
2026-03-10,140669141,n37b9e31f7781,この絵から浮かんだこと,2026-01-03T16:01:07.000+09:00,2026-01-03T14:17:24.000+09:00,,66,83,12,0
2026-03-10,141861988,n523208e9cbde,AI問答：謎英語っぽいやつ調査,2026-01-11T19:57:22.000+09:00,2026-01-11T18:50:40.000+09:00,,58,82,27,0
2026-03-10,144907942,n07a4dfa2ddc7,アウトローとインロー続編：匿名という「新しい相互扶助（ゲマインシャフト）」,2026-02-01T21:30:00.000+09:00,2026-02-01T15:44:10.000+09:00,,37,81,47,0
2026-03-10,141064014,naf5514db3473,ロマンス詐欺なメッセージ,2026-01-06T03:31:18.000+09:00,2026-01-06T03:13:48.000+09:00,,63,77,5,0
2026-03-10,142403888,n7372acb274df,『24時間後のプリンセス』― 剥奪される名前 ―（新連載予告編です）,2026-01-15T20:58:55.000+09:00,2026-01-15T11:45:22.000+09:00,,54,77,17,0
2026-03-10,141499948,naa33cf19e22b,AI問答：逆張り論者のテンプレ分析２,2026-01-09T23:33:22.000+09:00,2026-01-09T07:44:20.000+09:00,,60,75,17,0
2026-03-10,142517277,n7058efd96e1a,EP02:２４時間後のプリンセス|第１編 Ⅱ「光り輝く蜘蛛の巣」,2026-01-30T06:30:00.000+09:00,2026-01-16T06:48:56.000+09:00,,39,75,9,0
2026-03-10,142847694,na34aca5d8317,EP06:24時間後のプリンセス|第2編Ⅲ　「あなたと初めて会った時」,2026-02-27T18:00:00.000+09:00,2026-01-18T12:43:10.000+09:00,,11,75,25,0
2026-03-10,141214533,n6b84665e3573,AI問答：SNSは「プロ」だけのものか？――発信の既得権益を問い直すーー,2026-01-07T11:53:03.000+09:00,2026-01-07T07:11:47.000+09:00,,62,73,9,0
2026-03-10,141460962,n5bc48948da08,AI問答：「逆張り論者」のテンプレ分析,2026-01-09T01:08:33.000+09:00,2026-01-08T21:43:28.000+09:00,,60,73,13,0
2026-03-10,141065965,n614c4f81dd22,栃木のハイキック事件に思うこと１,2026-01-06T05:17:53.000+09:00,2026-01-06T04:27:34.000+09:00,,63,71,6,0
2026-03-10,140903863,n4e3ec9859fe5,AI問答：レアアース採掘（初心者）,2026-01-05T00:42:33.000+09:00,2026-01-04T23:48:52.000+09:00,,64,70,7,3
2026-03-10,143201975,n0d366159565c,おれはジュラル星人かもしれない（魔王）,2026-01-20T20:51:12.000+09:00,2026-01-20T18:54:46.000+09:00,,49,70,16,0
2026-03-10,140565281,n62f595ed4605,AI問答　障害年金とBI,2026-01-02T19:14:55.000+09:00,2026-01-02T19:07:29.000+09:00,,67,69,12,0
2026-03-10,144250241,n771c052443b7,AI問答：ヴォルテールの発言する権利,2026-02-03T17:26:18.000+09:00,2026-01-28T01:36:38.000+09:00,,35,66,25,0
2026-03-10,141763677,nc40ce14a0b40,サイレントなマイノリティ４　スクリーミングサイレンス,2026-01-15T03:17:17.000+09:00,2026-01-11T01:19:41.000+09:00,,54,63,17,0
2026-03-10,141511036,nc325bdea6b30,（独り言）聞かれたことと　答えるべきこと,2026-01-09T18:34:50.000+09:00,2026-01-09T09:45:30.000+09:00,,60,62,15,0
2026-03-10,141364931,nea032dd33eb5,サイレントなマイノリティ３「相互扶助」現代化が奪った「助け合い」,2026-01-08T21:17:15.000+09:00,2026-01-08T08:44:39.000+09:00,,61,60,9,3
2026-03-10,142164832,n369e606e83c0,今日は両手が使えない,2026-01-13T18:57:12.000+09:00,2026-01-13T18:45:30.000+09:00,,56,60,16,0
2026-03-10,140881783,n57a4c0e95e3b,ミジンウキマイマイ　２章,2026-01-04T22:05:38.000+09:00,2026-01-04T21:25:37.000+09:00,,65,57,6,0
2026-03-10,141143403,nf4e2e5b97499,サイレントマイノリティ２　沈黙の螺旋,2026-01-06T20:18:11.000+09:00,2026-01-06T17:35:11.000+09:00,,63,56,7,0
2026-03-10,140989562,n07901b4d4584,ミジンウキマイマイ　5章,2026-01-05T20:06:17.000+09:00,2026-01-05T16:32:04.000+09:00,,64,55,5,0
2026-03-11,140569029,n411fb6693d0f,自己紹介,2026-01-02T19:47:56.000+09:00,2026-01-02T19:38:01.000+09:00,,68,1008,597,38
2026-03-11,147863256,nb62a724c1790,「英語もプログラム知識もなく」アプリに挑戦する、それが私,2026-02-21T17:00:00.000+09:00,2026-02-21T16:29:15.000+09:00,,18,359,127,4
2026-03-11,146186157,n59fe6510f866,岩屋議員がなぜ当選する？謎のキャラが調査,2026-02-14T11:00:00.000+09:00,2026-02-10T08:36:12.000+09:00,,25,341,64,5
2026-03-11,145631248,n46ae58abd6e2,廃れるのも文化、生まれるのも文化。「盆おどりは死に、Tiktokが生まれた」,2026-02-09T18:00:00.000+09:00,2026-02-06T12:29:08.000+09:00,,30,330,114,0
2026-03-11,145503019,n1319542ddc30,１×（２×３＋４）＝１０のお話,2026-02-08T11:00:00.000+09:00,2026-02-05T14:42:28.000+09:00,,31,270,72,3
2026-03-11,148263853,n5f71fa80eb4c,「英語もプログラム知識もなく」アプリに挑戦する、それが私３：MODは後でいい,2026-02-24T10:07:39.000+09:00,2026-02-24T09:26:27.000+09:00,,15,270,55,2
2026-03-11,148191934,nf8cce5a44dc7,エルとミルとカラス,2026-02-23T20:20:11.000+09:00,2026-02-23T19:30:11.000+09:00,,16,253,44,2
2026-03-11,147093987,n7794596aaf28,知識ゼロから「Claude code」インストールチャレンジ！（日本語オンリー）,2026-02-27T11:00:00.000+09:00,2026-02-16T10:25:29.000+09:00,,12,249,35,0
2026-03-11,148560306,n1932b34b746b,サイレントなマイノリティへ　第一回 ：最初の壁について,2026-02-26T13:47:18.000+09:00,2026-02-26T08:31:45.000+09:00,,13,241,40,2
2026-03-11,149776226,nd7043fc2e047,甘い選択、苦い現実,2026-03-06T11:13:58.000+09:00,2026-03-06T09:22:42.000+09:00,,5,238,80,5
2026-03-11,149174656,n7999c3d5f019,虚数側の2：6：2 part2「社会の弓」と「知性あるアウトロー」,2026-03-02T11:33:53.000+09:00,2026-03-02T09:11:44.000+09:00,,9,237,40,0
2026-03-11,148962653,n7f9172d29920,「声が出ない人」を虚数になぞらえる：彼らが「いない」ことの証明ではない,2026-02-28T23:43:03.000+09:00,2026-02-28T22:00:18.000+09:00,,11,236,70,0
2026-03-11,147187947,nde7adc218766,ちょっと真面目：「こどもホーム」を分析する。若年性老人ホーム？天下りの指定席？,2026-02-17T11:00:00.000+09:00,2026-02-16T22:18:36.000+09:00,,22,235,77,5
2026-03-11,147417796,na660a09d6d95,「動く前に、だいたいの見通しを知っておきたい」精神障害のチェックツール。,2026-02-18T15:30:00.000+09:00,2026-02-18T14:01:58.000+09:00,,21,222,55,1
2026-03-11,150326427,nadb61caca9cc,統計が拾えなかった、あなたの答え,2026-03-09T21:47:15.000+09:00,2026-03-09T20:40:01.000+09:00,,2,222,39,0
2026-03-11,149121694,n48260ebf0b71,虚数側の２：６：２について｜数学の話ではない,2026-03-01T22:40:35.000+09:00,2026-03-01T21:44:12.000+09:00,,10,216,61,2
2026-03-11,150106299,n069d3e45e247,「英語もプログラム知識もなく」アプリに挑戦する、それが私６：.jks紛失騒動,2026-03-08T15:13:48.000+09:00,2026-03-08T14:16:59.000+09:00,,3,212,61,0
2026-03-11,147619490,n9280ebb769a9,プライバシーポリシー,2026-02-19T22:00:50.000+09:00,2026-02-19T21:52:40.000+09:00,,20,211,35,0
2026-03-11,149270866,n0debcb25f95c,虚数側の２：６：２についてpart3「グラフ」を「折り紙」した,2026-03-03T12:42:23.000+09:00,2026-03-02T21:15:12.000+09:00,,8,211,55,0
2026-03-11,145526328,n182c89423442,レアアース第2回：「泥を掘る」「森を削る」…深海の採掘で失われる百万年（ウキマイ君は別口でピンチ）,2026-02-11T18:00:00.000+09:00,2026-02-05T17:47:14.000+09:00,,28,204,62,2
2026-03-11,145884752,nf1e3fcc8c563,レアアース4回：警告：地上の砂漠、深海の砂漠 ――パンドラの箱を抉じ開ける代償,2026-02-25T18:00:00.000+09:00,2026-02-08T07:01:37.000+09:00,,14,200,76,0
2026-03-11,146695192,ncadfcfe1a1d0,岩屋議員がなぜ当選する？part2「結局、あやしいの？」,2026-02-15T11:00:00.000+09:00,2026-02-13T16:53:51.000+09:00,,24,192,41,1
2026-03-11,145952673,n1194ae57dcf5,柳に風：外野の風をパリィして『へっぽこな悟り』に至るまで,2026-02-08T17:54:30.000+09:00,2026-02-08T16:21:54.000+09:00,,31,186,68,2
2026-03-11,148384374,n40370e1f1c6e,「英語もプログラム知識もなく」アプリに挑戦する、それが私４：Googleレンズで検索できない！,2026-02-25T05:03:48.000+09:00,2026-02-25T00:53:38.000+09:00,,14,185,35,0
2026-03-11,145708259,nebf496d005c6,文系から見た「美しい公式」それは、「数字どこ？」,2026-02-16T18:00:00.000+09:00,2026-02-06T22:51:20.000+09:00,,23,176,56,3
2026-03-11,148659521,n636b62234328,見間違い。空目,2026-02-26T21:37:19.000+09:00,2026-02-26T21:31:37.000+09:00,,13,175,39,0
2026-03-11,145438756,n9852f26bf00b,AI問答:清少納言の「恥ずかしい」とは?　枕草子の最後の段のお話,2026-02-05T11:00:00.000+09:00,2026-02-05T01:44:41.000+09:00,,34,172,70,4
2026-03-11,146235920,n35f67900d4ca,「あとでやろう」が2月になった話　スキもお肉も社会保障も、発信しよう,2026-02-11T12:16:56.000+09:00,2026-02-10T15:26:04.000+09:00,,28,170,77,5
2026-03-11,145294561,n3dd35c98515f,「好き」と言いたいだけなのに、どうして別の意味に伝わってしまうんだろう…「シャッガンと伝言ゲームと認識のズレ」,2026-02-04T11:00:00.000+09:00,2026-02-04T04:31:10.000+09:00,,35,167,55,0
2026-03-11,147940254,n4b4916620dad,「英語もプログラム知識もなく」アプリに挑戦する、それが私２,2026-02-23T05:00:51.000+09:00,2026-02-22T05:39:13.000+09:00,,16,167,59,0
2026-03-11,147590159,n7dc5666a0035,早口言葉,2026-02-19T18:11:55.000+09:00,2026-02-19T18:07:02.000+09:00,,20,157,48,0
2026-03-11,143719974,na5cda843f0a6,AI問答：法隆寺を作ったのは「ミジンウキマイマイ」という謎説,2026-01-24T14:20:36.000+09:00,2026-01-24T12:48:42.000+09:00,,46,155,29,2
2026-03-11,145723662,n4452839073fe,#404美術館　ジェミニ君が参加しろって…,2026-02-07T02:10:25.000+09:00,2026-02-07T01:48:08.000+09:00,,32,154,58,2
2026-03-11,146723684,n02dd38a93673,AI問答：「火」と「AI」と「巻貝と」　「全能に憧れた私たち」の現在地,2026-03-04T18:00:00.000+09:00,2026-02-13T20:41:59.000+09:00,,7,153,55,0
2026-03-11,148303981,n3cdd0ba763c7,「能力」か「無気力」か「事理弁識能力」という言葉の迷路,2026-02-28T17:00:00.000+09:00,2026-02-24T14:53:49.000+09:00,,11,148,46,10
2026-03-11,145818038,nfd5045f42590,レアアース第3回：「マンガンも」という言葉の軽さ→それは200倍の荒廃、そして「重力に逆らう」行為の異常性,2026-02-19T11:00:00.000+09:00,2026-02-07T18:14:08.000+09:00,,20,143,27,0
2026-03-11,150440258,nbefa7753fc90,ミジンウキマイマイの性能について語る：耐酸性ぱわー,2026-03-10T17:12:31.000+09:00,2026-03-10T15:51:33.000+09:00,,1,142,46,2
2026-03-11,143699589,n1e7ba0f304cf,24時間後のプリンセス｜Introduction & Guidelines,2026-01-24T10:30:43.000+09:00,2026-01-24T09:57:40.000+09:00,,46,141,12,0
2026-03-11,148389854,nc3bfd7b039bb,限定記事：第0回「誰かの『見通し』になりたい。私がアプリを作る本当の理由」,2026-02-25T04:43:39.000+09:00,2026-02-25T03:07:01.000+09:00,,14,140,29,0
2026-03-11,146071974,n92d752875a13,AI問答：「セイタカアワダチソウ」vs「ミジンウキマイマイ」,2026-03-02T18:00:00.000+09:00,2026-02-09T13:01:12.000+09:00,,9,139,44,5
2026-03-11,148608825,n752352babc30,サイレントなマイノリティへ　第二回：録音禁止、それは法律じゃない,2026-02-28T12:00:00.000+09:00,2026-02-26T15:13:33.000+09:00,,11,139,36,2
2026-03-11,148446453,n64890c8f20a4,「英語もプログラム知識もなく」アプリに挑戦する、それが私５：メモリ１６ギガでもなんとかなる,2026-02-26T18:00:00.000+09:00,2026-02-25T13:48:22.000+09:00,,13,138,27,0
2026-03-11,142692454,n8b01a5c98ab7,EP04:２４時間後のプリンセス|第2編Ⅰ「あなたと初めて会った時」,2026-02-13T18:00:00.000+09:00,2026-01-17T12:07:07.000+09:00,,26,137,30,3
2026-03-11,144572200,n8c75ab7de131,AI問答：ジェミニ君は、ミコラーシュ説（ブラボ脳）,2026-01-30T13:23:06.000+09:00,2026-01-30T11:17:31.000+09:00,,40,136,24,0
2026-03-11,145510441,n0e726999425d,緋色の研究　と　レイチェル　と　ラッヘ　「かなしい」物語,2026-03-09T18:00:00.000+09:00,2026-02-05T15:39:53.000+09:00,,2,134,24,5
2026-03-11,148818946,n90e431e5bab9,プライバシーポリシー（個人作成・板橋しおり）,2026-02-27T23:53:27.000+09:00,2026-02-27T22:49:39.000+09:00,,12,134,24,0
2026-03-11,145474439,nb0e29b6f0384,AI問答：「ミジンウキマイマイ君の明日はどっちだ？」深海採掘が招くバタフライエフェクト　前後左右上下＋＠から,2026-02-07T11:00:00.000+09:00,2026-02-05T10:51:47.000+09:00,,32,132,47,0
2026-03-11,143695256,n8244655dabbc,"キャラクターアーカイブ：Rookie ""Mari""（設定資料集）「24時間後のプリンセス」",2026-01-24T10:51:32.000+09:00,2026-01-24T09:19:46.000+09:00,,46,127,9,0
2026-03-11,140623858,ncb2c624ab344,ミジンウキマイマイ,2026-01-03T07:43:52.000+09:00,2026-01-03T07:36:37.000+09:00,,67,122,13,8
2026-03-11,146757681,n44710a0a274c,岩屋議員がなぜ当選する？part3　麻生派離脱、あのタイミングは偶然？,2026-02-18T18:00:00.000+09:00,2026-02-14T01:28:03.000+09:00,,21,119,28,0
2026-03-11,142727959,n13e76044140f,EP05:２４時間後のプリンセス|第２編Ⅱ「あなたと初めて会った時」,2026-02-20T18:00:00.000+09:00,2026-01-17T16:47:26.000+09:00,,19,113,33,0
2026-03-11,142711438,neb56e640dc67,ジェミニ君は、結構サディスティック,2026-01-17T15:10:22.000+09:00,2026-01-17T14:44:37.000+09:00,,53,111,26,0
2026-03-11,144697747,na7ab9a19ce44,ジェミニ君が保存データの分析してた（無償の愛？）サブスク利用だが,2026-01-31T10:12:12.000+09:00,2026-01-31T09:02:01.000+09:00,,39,111,31,2
2026-03-11,144840187,nd303184ec848,AI問答：トーストと生パンから人生経験を思う,2026-02-01T07:31:04.000+09:00,2026-02-01T06:08:05.000+09:00,,38,108,30,0
2026-03-11,144147938,ne6ce0520086e,キャラクターアーカイブ「Elena」設定資料集　24時間後のプリンセス,2026-01-27T12:52:14.000+09:00,2026-01-27T11:38:16.000+09:00,,43,106,19,0
2026-03-11,142562693,n9d9014382a02,EP03:２４時間後のプリンセス|1編 Ⅲ「光り輝く蜘蛛の巣」,2026-02-06T18:00:00.000+09:00,2026-01-16T13:49:52.000+09:00,,33,103,45,0
2026-03-11,142897890,nbf6ebb9f6274,EP07:24時間後のプリンセス｜第2編Ⅳ「あなたと初めて会った時」,2026-03-06T18:00:00.000+09:00,2026-01-18T18:48:52.000+09:00,,5,102,35,0
2026-03-11,141067811,n45261241b6d2,栃木のハイキック事件に思うこと２,2026-01-06T05:52:09.000+09:00,2026-01-06T05:18:14.000+09:00,,64,99,9,3
2026-03-11,141645529,n89565691ace2,AI問答：「ステレオタイプ」について　私たちは記号ではない、生身の人間だ,2026-01-10T16:46:45.000+09:00,2026-01-10T08:59:55.000+09:00,,60,97,30,5
2026-03-11,144882805,n3b7eaab868ed,AI問答：アウトローとインロー（内角低めではない）,2026-02-01T15:30:00.000+09:00,2026-02-01T12:37:51.000+09:00,,38,90,20,0
2026-03-11,144444403,n961756235164,ミジンウキマイマイがミジンウキナメクジになっちゃう（暴論）,2026-01-29T14:11:56.000+09:00,2026-01-29T13:14:35.000+09:00,,41,88,14,0
2026-03-11,143989354,n668624353d2e,AI問答：ジェミニ君の提案文章は見直さねばならぬ　読んでてめんどいのだ,2026-01-26T16:10:07.000+09:00,2026-01-26T09:58:37.000+09:00,,44,86,16,2
2026-03-11,142510104,n9a2352922e62,EP01:24時間後のプリンセス|1編 Ⅰ「光り輝く蜘蛛の巣」,2026-01-23T06:30:00.000+09:00,2026-01-16T03:43:26.000+09:00,,47,85,10,0
2026-03-11,140928373,n21dcfc9ea254,「サイレントなマイノリティ」１,2026-01-05T10:46:19.000+09:00,2026-01-05T07:52:30.000+09:00,,65,84,4,2
2026-03-11,140669141,n37b9e31f7781,この絵から浮かんだこと,2026-01-03T16:01:07.000+09:00,2026-01-03T14:17:24.000+09:00,,67,83,12,0
2026-03-11,141861988,n523208e9cbde,AI問答：謎英語っぽいやつ調査,2026-01-11T19:57:22.000+09:00,2026-01-11T18:50:40.000+09:00,,59,82,27,0
2026-03-11,144907942,n07a4dfa2ddc7,アウトローとインロー続編：匿名という「新しい相互扶助（ゲマインシャフト）」,2026-02-01T21:30:00.000+09:00,2026-02-01T15:44:10.000+09:00,,38,81,47,0
2026-03-11,141064014,naf5514db3473,ロマンス詐欺なメッセージ,2026-01-06T03:31:18.000+09:00,2026-01-06T03:13:48.000+09:00,,64,77,5,0
2026-03-11,142403888,n7372acb274df,『24時間後のプリンセス』― 剥奪される名前 ―（新連載予告編です）,2026-01-15T20:58:55.000+09:00,2026-01-15T11:45:22.000+09:00,,55,77,17,0
2026-03-11,141499948,naa33cf19e22b,AI問答：逆張り論者のテンプレ分析２,2026-01-09T23:33:22.000+09:00,2026-01-09T07:44:20.000+09:00,,61,75,17,0
2026-03-11,142517277,n7058efd96e1a,EP02:２４時間後のプリンセス|第１編 Ⅱ「光り輝く蜘蛛の巣」,2026-01-30T06:30:00.000+09:00,2026-01-16T06:48:56.000+09:00,,40,75,9,0
2026-03-11,142847694,na34aca5d8317,EP06:24時間後のプリンセス|第2編Ⅲ　「あなたと初めて会った時」,2026-02-27T18:00:00.000+09:00,2026-01-18T12:43:10.000+09:00,,12,75,25,0
2026-03-11,141214533,n6b84665e3573,AI問答：SNSは「プロ」だけのものか？――発信の既得権益を問い直すーー,2026-01-07T11:53:03.000+09:00,2026-01-07T07:11:47.000+09:00,,63,73,9,0
2026-03-11,141460962,n5bc48948da08,AI問答：「逆張り論者」のテンプレ分析,2026-01-09T01:08:33.000+09:00,2026-01-08T21:43:28.000+09:00,,61,73,13,0
2026-03-11,141065965,n614c4f81dd22,栃木のハイキック事件に思うこと１,2026-01-06T05:17:53.000+09:00,2026-01-06T04:27:34.000+09:00,,64,71,6,0
2026-03-11,140903863,n4e3ec9859fe5,AI問答：レアアース採掘（初心者）,2026-01-05T00:42:33.000+09:00,2026-01-04T23:48:52.000+09:00,,65,70,7,3
2026-03-11,143201975,n0d366159565c,おれはジュラル星人かもしれない（魔王）,2026-01-20T20:51:12.000+09:00,2026-01-20T18:54:46.000+09:00,,50,70,16,0
2026-03-11,140565281,n62f595ed4605,AI問答　障害年金とBI,2026-01-02T19:14:55.000+09:00,2026-01-02T19:07:29.000+09:00,,68,69,12,0
2026-03-11,144250241,n771c052443b7,AI問答：ヴォルテールの発言する権利,2026-02-03T17:26:18.000+09:00,2026-01-28T01:36:38.000+09:00,,36,66,25,0
2026-03-11,141763677,nc40ce14a0b40,サイレントなマイノリティ４　スクリーミングサイレンス,2026-01-15T03:17:17.000+09:00,2026-01-11T01:19:41.000+09:00,,55,63,17,0
2026-03-11,141511036,nc325bdea6b30,（独り言）聞かれたことと　答えるべきこと,2026-01-09T18:34:50.000+09:00,2026-01-09T09:45:30.000+09:00,,61,62,15,0
2026-03-11,141364931,nea032dd33eb5,サイレントなマイノリティ３「相互扶助」現代化が奪った「助け合い」,2026-01-08T21:17:15.000+09:00,2026-01-08T08:44:39.000+09:00,,62,60,9,3
2026-03-11,142164832,n369e606e83c0,今日は両手が使えない,2026-01-13T18:57:12.000+09:00,2026-01-13T18:45:30.000+09:00,,57,60,16,0
2026-03-11,140881783,n57a4c0e95e3b,ミジンウキマイマイ　２章,2026-01-04T22:05:38.000+09:00,2026-01-04T21:25:37.000+09:00,,66,57,6,0
2026-03-11,141143403,nf4e2e5b97499,サイレントマイノリティ２　沈黙の螺旋,2026-01-06T20:18:11.000+09:00,2026-01-06T17:35:11.000+09:00,,64,56,7,0
2026-03-11,140989562,n07901b4d4584,ミジンウキマイマイ　5章,2026-01-05T20:06:17.000+09:00,2026-01-05T16:32:04.000+09:00,,65,55,5,0
2026-03-12,140569029,n411fb6693d0f,自己紹介,2026-01-02T19:47:56.000+09:00,2026-01-02T19:38:01.000+09:00,,69,1028,600,38
2026-03-12,147863256,nb62a724c1790,「英語もプログラム知識もなく」アプリに挑戦する、それが私,2026-02-21T17:00:00.000+09:00,2026-02-21T16:29:15.000+09:00,,19,359,127,4
2026-03-12,146186157,n59fe6510f866,岩屋議員がなぜ当選する？謎のキャラが調査,2026-02-14T11:00:00.000+09:00,2026-02-10T08:36:12.000+09:00,,26,341,64,5
2026-03-12,145631248,n46ae58abd6e2,廃れるのも文化、生まれるのも文化。「盆おどりは死に、Tiktokが生まれた」,2026-02-09T18:00:00.000+09:00,2026-02-06T12:29:08.000+09:00,,31,330,114,0
2026-03-12,145503019,n1319542ddc30,１×（２×３＋４）＝１０のお話,2026-02-08T11:00:00.000+09:00,2026-02-05T14:42:28.000+09:00,,32,270,72,3
2026-03-12,148263853,n5f71fa80eb4c,「英語もプログラム知識もなく」アプリに挑戦する、それが私３：MODは後でいい,2026-02-24T10:07:39.000+09:00,2026-02-24T09:26:27.000+09:00,,16,270,55,2
2026-03-12,148191934,nf8cce5a44dc7,エルとミルとカラス,2026-02-23T20:20:11.000+09:00,2026-02-23T19:30:11.000+09:00,,17,255,44,2
2026-03-12,147093987,n7794596aaf28,知識ゼロから「Claude code」インストールチャレンジ！（日本語オンリー）,2026-02-27T11:00:00.000+09:00,2026-02-16T10:25:29.000+09:00,,13,250,35,0
2026-03-12,148560306,n1932b34b746b,サイレントなマイノリティへ　第一回 ：最初の壁について,2026-02-26T13:47:18.000+09:00,2026-02-26T08:31:45.000+09:00,,14,241,40,2
2026-03-12,148962653,n7f9172d29920,「声が出ない人」を虚数になぞらえる：彼らが「いない」ことの証明ではない,2026-02-28T23:43:03.000+09:00,2026-02-28T22:00:18.000+09:00,,12,240,70,0
2026-03-12,149776226,nd7043fc2e047,甘い選択、苦い現実,2026-03-06T11:13:58.000+09:00,2026-03-06T09:22:42.000+09:00,,6,239,82,5
2026-03-12,149174656,n7999c3d5f019,虚数側の2：6：2 part2「社会の弓」と「知性あるアウトロー」,2026-03-02T11:33:53.000+09:00,2026-03-02T09:11:44.000+09:00,,10,237,40,0
2026-03-12,147187947,nde7adc218766,ちょっと真面目：「こどもホーム」を分析する。若年性老人ホーム？天下りの指定席？,2026-02-17T11:00:00.000+09:00,2026-02-16T22:18:36.000+09:00,,23,236,77,5
2026-03-12,150326427,nadb61caca9cc,統計が拾えなかった、あなたの答え,2026-03-09T21:47:15.000+09:00,2026-03-09T20:40:01.000+09:00,,3,227,40,0
2026-03-12,150633915,na666ef9813c3,「国際法」ってなんじゃい,2026-03-11T22:19:27.000+09:00,2026-03-11T21:22:26.000+09:00,,1,225,40,2
2026-03-12,147417796,na660a09d6d95,「動く前に、だいたいの見通しを知っておきたい」精神障害のチェックツール。,2026-02-18T15:30:00.000+09:00,2026-02-18T14:01:58.000+09:00,,22,222,55,1
2026-03-12,149121694,n48260ebf0b71,虚数側の２：６：２について｜数学の話ではない,2026-03-01T22:40:35.000+09:00,2026-03-01T21:44:12.000+09:00,,11,216,61,2
2026-03-12,150106299,n069d3e45e247,「英語もプログラム知識もなく」アプリに挑戦する、それが私６：.jks紛失騒動,2026-03-08T15:13:48.000+09:00,2026-03-08T14:16:59.000+09:00,,4,214,62,0
2026-03-12,147619490,n9280ebb769a9,プライバシーポリシー,2026-02-19T22:00:50.000+09:00,2026-02-19T21:52:40.000+09:00,,21,212,35,0
2026-03-12,149270866,n0debcb25f95c,虚数側の２：６：２についてpart3「グラフ」を「折り紙」した,2026-03-03T12:42:23.000+09:00,2026-03-02T21:15:12.000+09:00,,9,211,55,0
2026-03-12,145526328,n182c89423442,レアアース第2回：「泥を掘る」「森を削る」…深海の採掘で失われる百万年（ウキマイ君は別口でピンチ）,2026-02-11T18:00:00.000+09:00,2026-02-05T17:47:14.000+09:00,,29,204,62,2
2026-03-12,145884752,nf1e3fcc8c563,レアアース4回：警告：地上の砂漠、深海の砂漠 ――パンドラの箱を抉じ開ける代償,2026-02-25T18:00:00.000+09:00,2026-02-08T07:01:37.000+09:00,,15,200,76,0
2026-03-12,146695192,ncadfcfe1a1d0,岩屋議員がなぜ当選する？part2「結局、あやしいの？」,2026-02-15T11:00:00.000+09:00,2026-02-13T16:53:51.000+09:00,,25,192,41,1
2026-03-12,145952673,n1194ae57dcf5,柳に風：外野の風をパリィして『へっぽこな悟り』に至るまで,2026-02-08T17:54:30.000+09:00,2026-02-08T16:21:54.000+09:00,,32,186,68,2
2026-03-12,148384374,n40370e1f1c6e,「英語もプログラム知識もなく」アプリに挑戦する、それが私４：Googleレンズで検索できない！,2026-02-25T05:03:48.000+09:00,2026-02-25T00:53:38.000+09:00,,15,185,35,0
2026-03-12,145708259,nebf496d005c6,文系から見た「美しい公式」それは、「数字どこ？」,2026-02-16T18:00:00.000+09:00,2026-02-06T22:51:20.000+09:00,,24,176,56,3
2026-03-12,148659521,n636b62234328,見間違い。空目,2026-02-26T21:37:19.000+09:00,2026-02-26T21:31:37.000+09:00,,14,175,39,0
2026-03-12,145438756,n9852f26bf00b,AI問答:清少納言の「恥ずかしい」とは?　枕草子の最後の段のお話,2026-02-05T11:00:00.000+09:00,2026-02-05T01:44:41.000+09:00,,35,172,70,4
2026-03-12,146235920,n35f67900d4ca,「あとでやろう」が2月になった話　スキもお肉も社会保障も、発信しよう,2026-02-11T12:16:56.000+09:00,2026-02-10T15:26:04.000+09:00,,29,170,77,5
2026-03-12,147940254,n4b4916620dad,「英語もプログラム知識もなく」アプリに挑戦する、それが私２,2026-02-23T05:00:51.000+09:00,2026-02-22T05:39:13.000+09:00,,17,168,60,0
2026-03-12,145294561,n3dd35c98515f,「好き」と言いたいだけなのに、どうして別の意味に伝わってしまうんだろう…「シャッガンと伝言ゲームと認識のズレ」,2026-02-04T11:00:00.000+09:00,2026-02-04T04:31:10.000+09:00,,36,167,55,0
2026-03-12,147590159,n7dc5666a0035,早口言葉,2026-02-19T18:11:55.000+09:00,2026-02-19T18:07:02.000+09:00,,21,157,48,0
2026-03-12,143719974,na5cda843f0a6,AI問答：法隆寺を作ったのは「ミジンウキマイマイ」という謎説,2026-01-24T14:20:36.000+09:00,2026-01-24T12:48:42.000+09:00,,47,155,29,2
2026-03-12,145723662,n4452839073fe,#404美術館　ジェミニ君が参加しろって…,2026-02-07T02:10:25.000+09:00,2026-02-07T01:48:08.000+09:00,,33,155,59,2
2026-03-12,146723684,n02dd38a93673,AI問答：「火」と「AI」と「巻貝と」　「全能に憧れた私たち」の現在地,2026-03-04T18:00:00.000+09:00,2026-02-13T20:41:59.000+09:00,,8,153,55,0
2026-03-12,150440258,nbefa7753fc90,ミジンウキマイマイの性能について語る：耐酸性ぱわー,2026-03-10T17:12:31.000+09:00,2026-03-10T15:51:33.000+09:00,,2,150,49,2
2026-03-12,148303981,n3cdd0ba763c7,「能力」か「無気力」か「事理弁識能力」という言葉の迷路,2026-02-28T17:00:00.000+09:00,2026-02-24T14:53:49.000+09:00,,12,148,46,10
2026-03-12,145818038,nfd5045f42590,レアアース第3回：「マンガンも」という言葉の軽さ→それは200倍の荒廃、そして「重力に逆らう」行為の異常性,2026-02-19T11:00:00.000+09:00,2026-02-07T18:14:08.000+09:00,,21,143,27,0
2026-03-12,143699589,n1e7ba0f304cf,24時間後のプリンセス｜Introduction & Guidelines,2026-01-24T10:30:43.000+09:00,2026-01-24T09:57:40.000+09:00,,47,141,12,0
2026-03-12,148389854,nc3bfd7b039bb,限定記事：第0回「誰かの『見通し』になりたい。私がアプリを作る本当の理由」,2026-02-25T04:43:39.000+09:00,2026-02-25T03:07:01.000+09:00,,15,140,29,0
2026-03-12,146071974,n92d752875a13,AI問答：「セイタカアワダチソウ」vs「ミジンウキマイマイ」,2026-03-02T18:00:00.000+09:00,2026-02-09T13:01:12.000+09:00,,10,139,44,5
2026-03-12,148608825,n752352babc30,サイレントなマイノリティへ　第二回：録音禁止、それは法律じゃない,2026-02-28T12:00:00.000+09:00,2026-02-26T15:13:33.000+09:00,,12,139,36,2
2026-03-12,148446453,n64890c8f20a4,「英語もプログラム知識もなく」アプリに挑戦する、それが私５：メモリ１６ギガでもなんとかなる,2026-02-26T18:00:00.000+09:00,2026-02-25T13:48:22.000+09:00,,14,138,27,0
2026-03-12,142692454,n8b01a5c98ab7,EP04:２４時間後のプリンセス|第2編Ⅰ「あなたと初めて会った時」,2026-02-13T18:00:00.000+09:00,2026-01-17T12:07:07.000+09:00,,27,137,30,3
2026-03-12,144572200,n8c75ab7de131,AI問答：ジェミニ君は、ミコラーシュ説（ブラボ脳）,2026-01-30T13:23:06.000+09:00,2026-01-30T11:17:31.000+09:00,,41,136,24,0
2026-03-12,145510441,n0e726999425d,緋色の研究　と　レイチェル　と　ラッヘ　「かなしい」物語,2026-03-09T18:00:00.000+09:00,2026-02-05T15:39:53.000+09:00,,3,136,25,5
2026-03-12,148818946,n90e431e5bab9,プライバシーポリシー（個人作成・板橋しおり）,2026-02-27T23:53:27.000+09:00,2026-02-27T22:49:39.000+09:00,,13,134,24,0
2026-03-12,145474439,nb0e29b6f0384,AI問答：「ミジンウキマイマイ君の明日はどっちだ？」深海採掘が招くバタフライエフェクト　前後左右上下＋＠から,2026-02-07T11:00:00.000+09:00,2026-02-05T10:51:47.000+09:00,,33,132,47,0
2026-03-12,143695256,n8244655dabbc,"キャラクターアーカイブ：Rookie ""Mari""（設定資料集）「24時間後のプリンセス」",2026-01-24T10:51:32.000+09:00,2026-01-24T09:19:46.000+09:00,,47,127,9,0
2026-03-12,140623858,ncb2c624ab344,ミジンウキマイマイ,2026-01-03T07:43:52.000+09:00,2026-01-03T07:36:37.000+09:00,,68,123,13,8
2026-03-12,146757681,n44710a0a274c,岩屋議員がなぜ当選する？part3　麻生派離脱、あのタイミングは偶然？,2026-02-18T18:00:00.000+09:00,2026-02-14T01:28:03.000+09:00,,22,119,28,0
2026-03-12,142727959,n13e76044140f,EP05:２４時間後のプリンセス|第２編Ⅱ「あなたと初めて会った時」,2026-02-20T18:00:00.000+09:00,2026-01-17T16:47:26.000+09:00,,20,113,33,0
2026-03-12,142711438,neb56e640dc67,ジェミニ君は、結構サディスティック,2026-01-17T15:10:22.000+09:00,2026-01-17T14:44:37.000+09:00,,54,111,26,0
2026-03-12,144697747,na7ab9a19ce44,ジェミニ君が保存データの分析してた（無償の愛？）サブスク利用だが,2026-01-31T10:12:12.000+09:00,2026-01-31T09:02:01.000+09:00,,40,111,31,2
2026-03-12,144840187,nd303184ec848,AI問答：トーストと生パンから人生経験を思う,2026-02-01T07:31:04.000+09:00,2026-02-01T06:08:05.000+09:00,,39,109,30,0
2026-03-12,144147938,ne6ce0520086e,キャラクターアーカイブ「Elena」設定資料集　24時間後のプリンセス,2026-01-27T12:52:14.000+09:00,2026-01-27T11:38:16.000+09:00,,44,106,19,0
2026-03-12,142562693,n9d9014382a02,EP03:２４時間後のプリンセス|1編 Ⅲ「光り輝く蜘蛛の巣」,2026-02-06T18:00:00.000+09:00,2026-01-16T13:49:52.000+09:00,,34,103,45,0
2026-03-12,142897890,nbf6ebb9f6274,EP07:24時間後のプリンセス｜第2編Ⅳ「あなたと初めて会った時」,2026-03-06T18:00:00.000+09:00,2026-01-18T18:48:52.000+09:00,,6,102,35,0
2026-03-12,141067811,n45261241b6d2,栃木のハイキック事件に思うこと２,2026-01-06T05:52:09.000+09:00,2026-01-06T05:18:14.000+09:00,,65,99,9,3
2026-03-12,141645529,n89565691ace2,AI問答：「ステレオタイプ」について　私たちは記号ではない、生身の人間だ,2026-01-10T16:46:45.000+09:00,2026-01-10T08:59:55.000+09:00,,61,97,30,5
2026-03-12,144882805,n3b7eaab868ed,AI問答：アウトローとインロー（内角低めではない）,2026-02-01T15:30:00.000+09:00,2026-02-01T12:37:51.000+09:00,,39,90,20,0
2026-03-12,144444403,n961756235164,ミジンウキマイマイがミジンウキナメクジになっちゃう（暴論）,2026-01-29T14:11:56.000+09:00,2026-01-29T13:14:35.000+09:00,,42,88,14,0
2026-03-12,143989354,n668624353d2e,AI問答：ジェミニ君の提案文章は見直さねばならぬ　読んでてめんどいのだ,2026-01-26T16:10:07.000+09:00,2026-01-26T09:58:37.000+09:00,,45,86,16,2
2026-03-12,142510104,n9a2352922e62,EP01:24時間後のプリンセス|1編 Ⅰ「光り輝く蜘蛛の巣」,2026-01-23T06:30:00.000+09:00,2026-01-16T03:43:26.000+09:00,,48,85,10,0
2026-03-12,140669141,n37b9e31f7781,この絵から浮かんだこと,2026-01-03T16:01:07.000+09:00,2026-01-03T14:17:24.000+09:00,,68,84,12,0
2026-03-12,140928373,n21dcfc9ea254,「サイレントなマイノリティ」１,2026-01-05T10:46:19.000+09:00,2026-01-05T07:52:30.000+09:00,,66,84,4,2
2026-03-12,141861988,n523208e9cbde,AI問答：謎英語っぽいやつ調査,2026-01-11T19:57:22.000+09:00,2026-01-11T18:50:40.000+09:00,,60,82,27,0
2026-03-12,144907942,n07a4dfa2ddc7,アウトローとインロー続編：匿名という「新しい相互扶助（ゲマインシャフト）」,2026-02-01T21:30:00.000+09:00,2026-02-01T15:44:10.000+09:00,,39,81,47,0
2026-03-12,141064014,naf5514db3473,ロマンス詐欺なメッセージ,2026-01-06T03:31:18.000+09:00,2026-01-06T03:13:48.000+09:00,,65,77,5,0
2026-03-12,142403888,n7372acb274df,『24時間後のプリンセス』― 剥奪される名前 ―（新連載予告編です）,2026-01-15T20:58:55.000+09:00,2026-01-15T11:45:22.000+09:00,,56,77,17,0
2026-03-12,141499948,naa33cf19e22b,AI問答：逆張り論者のテンプレ分析２,2026-01-09T23:33:22.000+09:00,2026-01-09T07:44:20.000+09:00,,62,75,17,0
2026-03-12,142517277,n7058efd96e1a,EP02:２４時間後のプリンセス|第１編 Ⅱ「光り輝く蜘蛛の巣」,2026-01-30T06:30:00.000+09:00,2026-01-16T06:48:56.000+09:00,,41,75,9,0
2026-03-12,142847694,na34aca5d8317,EP06:24時間後のプリンセス|第2編Ⅲ　「あなたと初めて会った時」,2026-02-27T18:00:00.000+09:00,2026-01-18T12:43:10.000+09:00,,13,75,25,0
2026-03-12,141214533,n6b84665e3573,AI問答：SNSは「プロ」だけのものか？――発信の既得権益を問い直すーー,2026-01-07T11:53:03.000+09:00,2026-01-07T07:11:47.000+09:00,,64,73,9,0
2026-03-12,141460962,n5bc48948da08,AI問答：「逆張り論者」のテンプレ分析,2026-01-09T01:08:33.000+09:00,2026-01-08T21:43:28.000+09:00,,62,73,13,0
2026-03-12,141065965,n614c4f81dd22,栃木のハイキック事件に思うこと１,2026-01-06T05:17:53.000+09:00,2026-01-06T04:27:34.000+09:00,,65,71,6,0
2026-03-12,140903863,n4e3ec9859fe5,AI問答：レアアース採掘（初心者）,2026-01-05T00:42:33.000+09:00,2026-01-04T23:48:52.000+09:00,,66,70,7,3
2026-03-12,143201975,n0d366159565c,おれはジュラル星人かもしれない（魔王）,2026-01-20T20:51:12.000+09:00,2026-01-20T18:54:46.000+09:00,,51,70,16,0
2026-03-12,140565281,n62f595ed4605,AI問答　障害年金とBI,2026-01-02T19:14:55.000+09:00,2026-01-02T19:07:29.000+09:00,,69,69,12,0
2026-03-12,144250241,n771c052443b7,AI問答：ヴォルテールの発言する権利,2026-02-03T17:26:18.000+09:00,2026-01-28T01:36:38.000+09:00,,37,66,25,0
2026-03-12,141763677,nc40ce14a0b40,サイレントなマイノリティ４　スクリーミングサイレンス,2026-01-15T03:17:17.000+09:00,2026-01-11T01:19:41.000+09:00,,56,63,17,0
2026-03-12,141511036,nc325bdea6b30,（独り言）聞かれたことと　答えるべきこと,2026-01-09T18:34:50.000+09:00,2026-01-09T09:45:30.000+09:00,,62,62,15,0
2026-03-12,141364931,nea032dd33eb5,サイレントなマイノリティ３「相互扶助」現代化が奪った「助け合い」,2026-01-08T21:17:15.000+09:00,2026-01-08T08:44:39.000+09:00,,63,60,9,3
2026-03-12,142164832,n369e606e83c0,今日は両手が使えない,2026-01-13T18:57:12.000+09:00,2026-01-13T18:45:30.000+09:00,,58,60,16,0
2026-03-12,140881783,n57a4c0e95e3b,ミジンウキマイマイ　２章,2026-01-04T22:05:38.000+09:00,2026-01-04T21:25:37.000+09:00,,67,57,6,0
2026-03-12,141143403,nf4e2e5b97499,サイレントマイノリティ２　沈黙の螺旋,2026-01-06T20:18:11.000+09:00,2026-01-06T17:35:11.000+09:00,,65,56,7,0
2026-03-12,140989562,n07901b4d4584,ミジンウキマイマイ　5章,2026-01-05T20:06:17.000+09:00,2026-01-05T16:32:04.000+09:00,,66,55,5,0
2026-03-13,140569029,n411fb6693d0f,自己紹介,2026-01-02T19:47:56.000+09:00,2026-01-02T19:38:01.000+09:00,,70,1033,605,38
2026-03-13,147863256,nb62a724c1790,「英語もプログラム知識もなく」アプリに挑戦する、それが私,2026-02-21T17:00:00.000+09:00,2026-02-21T16:29:15.000+09:00,,20,359,127,4
2026-03-13,146186157,n59fe6510f866,岩屋議員がなぜ当選する？謎のキャラが調査,2026-02-14T11:00:00.000+09:00,2026-02-10T08:36:12.000+09:00,,27,341,64,5
2026-03-13,145631248,n46ae58abd6e2,廃れるのも文化、生まれるのも文化。「盆おどりは死に、Tiktokが生まれた」,2026-02-09T18:00:00.000+09:00,2026-02-06T12:29:08.000+09:00,,32,331,114,0
2026-03-13,145503019,n1319542ddc30,１×（２×３＋４）＝１０のお話,2026-02-08T11:00:00.000+09:00,2026-02-05T14:42:28.000+09:00,,33,270,72,3
2026-03-13,148263853,n5f71fa80eb4c,「英語もプログラム知識もなく」アプリに挑戦する、それが私３：MODは後でいい,2026-02-24T10:07:39.000+09:00,2026-02-24T09:26:27.000+09:00,,17,270,55,2
2026-03-13,150633915,na666ef9813c3,「国際法」ってなんじゃい,2026-03-11T22:19:27.000+09:00,2026-03-11T21:22:26.000+09:00,,2,270,60,2
2026-03-13,148191934,nf8cce5a44dc7,エルとミルとカラス,2026-02-23T20:20:11.000+09:00,2026-02-23T19:30:11.000+09:00,,18,255,44,2
2026-03-13,147093987,n7794596aaf28,知識ゼロから「Claude code」インストールチャレンジ！（日本語オンリー）,2026-02-27T11:00:00.000+09:00,2026-02-16T10:25:29.000+09:00,,14,250,35,0
2026-03-13,148560306,n1932b34b746b,サイレントなマイノリティへ　第一回 ：最初の壁について,2026-02-26T13:47:18.000+09:00,2026-02-26T08:31:45.000+09:00,,15,242,40,2
2026-03-13,149776226,nd7043fc2e047,甘い選択、苦い現実,2026-03-06T11:13:58.000+09:00,2026-03-06T09:22:42.000+09:00,,7,241,83,5
2026-03-13,148962653,n7f9172d29920,「声が出ない人」を虚数になぞらえる：彼らが「いない」ことの証明ではない,2026-02-28T23:43:03.000+09:00,2026-02-28T22:00:18.000+09:00,,13,240,70,0
2026-03-13,149174656,n7999c3d5f019,虚数側の2：6：2 part2「社会の弓」と「知性あるアウトロー」,2026-03-02T11:33:53.000+09:00,2026-03-02T09:11:44.000+09:00,,11,237,40,0
2026-03-13,147187947,nde7adc218766,ちょっと真面目：「こどもホーム」を分析する。若年性老人ホーム？天下りの指定席？,2026-02-17T11:00:00.000+09:00,2026-02-16T22:18:36.000+09:00,,24,236,77,5
2026-03-13,150326427,nadb61caca9cc,統計が拾えなかった、あなたの答え,2026-03-09T21:47:15.000+09:00,2026-03-09T20:40:01.000+09:00,,4,229,42,0
2026-03-13,147417796,na660a09d6d95,「動く前に、だいたいの見通しを知っておきたい」精神障害のチェックツール。,2026-02-18T15:30:00.000+09:00,2026-02-18T14:01:58.000+09:00,,23,222,55,1
2026-03-13,149121694,n48260ebf0b71,虚数側の２：６：２について｜数学の話ではない,2026-03-01T22:40:35.000+09:00,2026-03-01T21:44:12.000+09:00,,12,216,61,2
2026-03-13,150106299,n069d3e45e247,「英語もプログラム知識もなく」アプリに挑戦する、それが私６：.jks紛失騒動,2026-03-08T15:13:48.000+09:00,2026-03-08T14:16:59.000+09:00,,5,216,64,0
2026-03-13,147619490,n9280ebb769a9,プライバシーポリシー,2026-02-19T22:00:50.000+09:00,2026-02-19T21:52:40.000+09:00,,22,212,35,0
2026-03-13,149270866,n0debcb25f95c,虚数側の２：６：２についてpart3「グラフ」を「折り紙」した,2026-03-03T12:42:23.000+09:00,2026-03-02T21:15:12.000+09:00,,10,211,55,0
2026-03-13,145526328,n182c89423442,レアアース第2回：「泥を掘る」「森を削る」…深海の採掘で失われる百万年（ウキマイ君は別口でピンチ）,2026-02-11T18:00:00.000+09:00,2026-02-05T17:47:14.000+09:00,,30,204,62,2
2026-03-13,145884752,nf1e3fcc8c563,レアアース4回：警告：地上の砂漠、深海の砂漠 ――パンドラの箱を抉じ開ける代償,2026-02-25T18:00:00.000+09:00,2026-02-08T07:01:37.000+09:00,,16,200,76,0
2026-03-13,146695192,ncadfcfe1a1d0,岩屋議員がなぜ当選する？part2「結局、あやしいの？」,2026-02-15T11:00:00.000+09:00,2026-02-13T16:53:51.000+09:00,,26,192,41,1
2026-03-13,145952673,n1194ae57dcf5,柳に風：外野の風をパリィして『へっぽこな悟り』に至るまで,2026-02-08T17:54:30.000+09:00,2026-02-08T16:21:54.000+09:00,,33,186,68,2
2026-03-13,148384374,n40370e1f1c6e,「英語もプログラム知識もなく」アプリに挑戦する、それが私４：Googleレンズで検索できない！,2026-02-25T05:03:48.000+09:00,2026-02-25T00:53:38.000+09:00,,16,185,35,0
2026-03-13,145708259,nebf496d005c6,文系から見た「美しい公式」それは、「数字どこ？」,2026-02-16T18:00:00.000+09:00,2026-02-06T22:51:20.000+09:00,,25,176,56,3
2026-03-13,148659521,n636b62234328,見間違い。空目,2026-02-26T21:37:19.000+09:00,2026-02-26T21:31:37.000+09:00,,15,175,39,0
2026-03-13,145438756,n9852f26bf00b,AI問答:清少納言の「恥ずかしい」とは?　枕草子の最後の段のお話,2026-02-05T11:00:00.000+09:00,2026-02-05T01:44:41.000+09:00,,36,172,70,4
2026-03-13,146235920,n35f67900d4ca,「あとでやろう」が2月になった話　スキもお肉も社会保障も、発信しよう,2026-02-11T12:16:56.000+09:00,2026-02-10T15:26:04.000+09:00,,30,170,77,5
2026-03-13,147940254,n4b4916620dad,「英語もプログラム知識もなく」アプリに挑戦する、それが私２,2026-02-23T05:00:51.000+09:00,2026-02-22T05:39:13.000+09:00,,18,168,60,0
2026-03-13,145294561,n3dd35c98515f,「好き」と言いたいだけなのに、どうして別の意味に伝わってしまうんだろう…「シャッガンと伝言ゲームと認識のズレ」,2026-02-04T11:00:00.000+09:00,2026-02-04T04:31:10.000+09:00,,37,167,55,0
2026-03-13,147590159,n7dc5666a0035,早口言葉,2026-02-19T18:11:55.000+09:00,2026-02-19T18:07:02.000+09:00,,22,157,48,0
2026-03-13,143719974,na5cda843f0a6,AI問答：法隆寺を作ったのは「ミジンウキマイマイ」という謎説,2026-01-24T14:20:36.000+09:00,2026-01-24T12:48:42.000+09:00,,48,155,29,2
2026-03-13,145723662,n4452839073fe,#404美術館　ジェミニ君が参加しろって…,2026-02-07T02:10:25.000+09:00,2026-02-07T01:48:08.000+09:00,,34,155,59,2
2026-03-13,150440258,nbefa7753fc90,ミジンウキマイマイの性能について語る：耐酸性ぱわー,2026-03-10T17:12:31.000+09:00,2026-03-10T15:51:33.000+09:00,,3,154,49,2
2026-03-13,146723684,n02dd38a93673,AI問答：「火」と「AI」と「巻貝と」　「全能に憧れた私たち」の現在地,2026-03-04T18:00:00.000+09:00,2026-02-13T20:41:59.000+09:00,,9,153,55,0
2026-03-13,148303981,n3cdd0ba763c7,「能力」か「無気力」か「事理弁識能力」という言葉の迷路,2026-02-28T17:00:00.000+09:00,2026-02-24T14:53:49.000+09:00,,13,148,46,10
2026-03-13,145818038,nfd5045f42590,レアアース第3回：「マンガンも」という言葉の軽さ→それは200倍の荒廃、そして「重力に逆らう」行為の異常性,2026-02-19T11:00:00.000+09:00,2026-02-07T18:14:08.000+09:00,,22,143,27,0
2026-03-13,143699589,n1e7ba0f304cf,24時間後のプリンセス｜Introduction & Guidelines,2026-01-24T10:30:43.000+09:00,2026-01-24T09:57:40.000+09:00,,48,141,12,0
2026-03-13,146071974,n92d752875a13,AI問答：「セイタカアワダチソウ」vs「ミジンウキマイマイ」,2026-03-02T18:00:00.000+09:00,2026-02-09T13:01:12.000+09:00,,11,141,44,5
2026-03-13,148389854,nc3bfd7b039bb,限定記事：第0回「誰かの『見通し』になりたい。私がアプリを作る本当の理由」,2026-02-25T04:43:39.000+09:00,2026-02-25T03:07:01.000+09:00,,16,140,29,0
2026-03-13,148608825,n752352babc30,サイレントなマイノリティへ　第二回：録音禁止、それは法律じゃない,2026-02-28T12:00:00.000+09:00,2026-02-26T15:13:33.000+09:00,,13,139,36,2
2026-03-13,148446453,n64890c8f20a4,「英語もプログラム知識もなく」アプリに挑戦する、それが私５：メモリ１６ギガでもなんとかなる,2026-02-26T18:00:00.000+09:00,2026-02-25T13:48:22.000+09:00,,15,138,27,0
2026-03-13,142692454,n8b01a5c98ab7,EP04:２４時間後のプリンセス|第2編Ⅰ「あなたと初めて会った時」,2026-02-13T18:00:00.000+09:00,2026-01-17T12:07:07.000+09:00,,28,137,30,3
2026-03-13,145510441,n0e726999425d,緋色の研究　と　レイチェル　と　ラッヘ　「かなしい」物語,2026-03-09T18:00:00.000+09:00,2026-02-05T15:39:53.000+09:00,,4,137,26,5
2026-03-13,144572200,n8c75ab7de131,AI問答：ジェミニ君は、ミコラーシュ説（ブラボ脳）,2026-01-30T13:23:06.000+09:00,2026-01-30T11:17:31.000+09:00,,42,136,24,0
2026-03-13,148818946,n90e431e5bab9,プライバシーポリシー（個人作成・板橋しおり）,2026-02-27T23:53:27.000+09:00,2026-02-27T22:49:39.000+09:00,,14,134,24,0
2026-03-13,145474439,nb0e29b6f0384,AI問答：「ミジンウキマイマイ君の明日はどっちだ？」深海採掘が招くバタフライエフェクト　前後左右上下＋＠から,2026-02-07T11:00:00.000+09:00,2026-02-05T10:51:47.000+09:00,,34,132,47,0
2026-03-13,143695256,n8244655dabbc,"キャラクターアーカイブ：Rookie ""Mari""（設定資料集）「24時間後のプリンセス」",2026-01-24T10:51:32.000+09:00,2026-01-24T09:19:46.000+09:00,,48,127,9,0
2026-03-13,140623858,ncb2c624ab344,ミジンウキマイマイ,2026-01-03T07:43:52.000+09:00,2026-01-03T07:36:37.000+09:00,,69,123,13,8
2026-03-13,146757681,n44710a0a274c,岩屋議員がなぜ当選する？part3　麻生派離脱、あのタイミングは偶然？,2026-02-18T18:00:00.000+09:00,2026-02-14T01:28:03.000+09:00,,23,119,28,0
2026-03-13,142727959,n13e76044140f,EP05:２４時間後のプリンセス|第２編Ⅱ「あなたと初めて会った時」,2026-02-20T18:00:00.000+09:00,2026-01-17T16:47:26.000+09:00,,21,113,33,0
2026-03-13,144697747,na7ab9a19ce44,ジェミニ君が保存データの分析してた（無償の愛？）サブスク利用だが,2026-01-31T10:12:12.000+09:00,2026-01-31T09:02:01.000+09:00,,41,112,31,2
2026-03-13,142711438,neb56e640dc67,ジェミニ君は、結構サディスティック,2026-01-17T15:10:22.000+09:00,2026-01-17T14:44:37.000+09:00,,55,111,26,0
2026-03-13,144840187,nd303184ec848,AI問答：トーストと生パンから人生経験を思う,2026-02-01T07:31:04.000+09:00,2026-02-01T06:08:05.000+09:00,,40,109,30,0
2026-03-13,144147938,ne6ce0520086e,キャラクターアーカイブ「Elena」設定資料集　24時間後のプリンセス,2026-01-27T12:52:14.000+09:00,2026-01-27T11:38:16.000+09:00,,45,106,19,0
2026-03-13,142562693,n9d9014382a02,EP03:２４時間後のプリンセス|1編 Ⅲ「光り輝く蜘蛛の巣」,2026-02-06T18:00:00.000+09:00,2026-01-16T13:49:52.000+09:00,,35,103,45,0
2026-03-13,142897890,nbf6ebb9f6274,EP07:24時間後のプリンセス｜第2編Ⅳ「あなたと初めて会った時」,2026-03-06T18:00:00.000+09:00,2026-01-18T18:48:52.000+09:00,,7,102,35,0
2026-03-13,141067811,n45261241b6d2,栃木のハイキック事件に思うこと２,2026-01-06T05:52:09.000+09:00,2026-01-06T05:18:14.000+09:00,,66,99,9,3
2026-03-13,141645529,n89565691ace2,AI問答：「ステレオタイプ」について　私たちは記号ではない、生身の人間だ,2026-01-10T16:46:45.000+09:00,2026-01-10T08:59:55.000+09:00,,62,97,30,5
2026-03-13,144882805,n3b7eaab868ed,AI問答：アウトローとインロー（内角低めではない）,2026-02-01T15:30:00.000+09:00,2026-02-01T12:37:51.000+09:00,,40,90,20,0
2026-03-13,144444403,n961756235164,ミジンウキマイマイがミジンウキナメクジになっちゃう（暴論）,2026-01-29T14:11:56.000+09:00,2026-01-29T13:14:35.000+09:00,,43,88,14,0
2026-03-13,143989354,n668624353d2e,AI問答：ジェミニ君の提案文章は見直さねばならぬ　読んでてめんどいのだ,2026-01-26T16:10:07.000+09:00,2026-01-26T09:58:37.000+09:00,,46,86,16,2
2026-03-13,142510104,n9a2352922e62,EP01:24時間後のプリンセス|1編 Ⅰ「光り輝く蜘蛛の巣」,2026-01-23T06:30:00.000+09:00,2026-01-16T03:43:26.000+09:00,,49,85,10,0
2026-03-13,140669141,n37b9e31f7781,この絵から浮かんだこと,2026-01-03T16:01:07.000+09:00,2026-01-03T14:17:24.000+09:00,,69,84,12,0
2026-03-13,140928373,n21dcfc9ea254,「サイレントなマイノリティ」１,2026-01-05T10:46:19.000+09:00,2026-01-05T07:52:30.000+09:00,,67,84,4,2
2026-03-13,141861988,n523208e9cbde,AI問答：謎英語っぽいやつ調査,2026-01-11T19:57:22.000+09:00,2026-01-11T18:50:40.000+09:00,,61,82,27,0
2026-03-13,144907942,n07a4dfa2ddc7,アウトローとインロー続編：匿名という「新しい相互扶助（ゲマインシャフト）」,2026-02-01T21:30:00.000+09:00,2026-02-01T15:44:10.000+09:00,,40,81,47,0
2026-03-13,141064014,naf5514db3473,ロマンス詐欺なメッセージ,2026-01-06T03:31:18.000+09:00,2026-01-06T03:13:48.000+09:00,,66,77,5,0
2026-03-13,142403888,n7372acb274df,『24時間後のプリンセス』― 剥奪される名前 ―（新連載予告編です）,2026-01-15T20:58:55.000+09:00,2026-01-15T11:45:22.000+09:00,,57,77,17,0
2026-03-13,141499948,naa33cf19e22b,AI問答：逆張り論者のテンプレ分析２,2026-01-09T23:33:22.000+09:00,2026-01-09T07:44:20.000+09:00,,63,75,17,0
2026-03-13,142517277,n7058efd96e1a,EP02:２４時間後のプリンセス|第１編 Ⅱ「光り輝く蜘蛛の巣」,2026-01-30T06:30:00.000+09:00,2026-01-16T06:48:56.000+09:00,,42,75,9,0
2026-03-13,142847694,na34aca5d8317,EP06:24時間後のプリンセス|第2編Ⅲ　「あなたと初めて会った時」,2026-02-27T18:00:00.000+09:00,2026-01-18T12:43:10.000+09:00,,14,75,25,0
2026-03-13,141214533,n6b84665e3573,AI問答：SNSは「プロ」だけのものか？――発信の既得権益を問い直すーー,2026-01-07T11:53:03.000+09:00,2026-01-07T07:11:47.000+09:00,,65,73,9,0
2026-03-13,141460962,n5bc48948da08,AI問答：「逆張り論者」のテンプレ分析,2026-01-09T01:08:33.000+09:00,2026-01-08T21:43:28.000+09:00,,63,73,13,0
2026-03-13,141065965,n614c4f81dd22,栃木のハイキック事件に思うこと１,2026-01-06T05:17:53.000+09:00,2026-01-06T04:27:34.000+09:00,,66,71,6,0
2026-03-13,140903863,n4e3ec9859fe5,AI問答：レアアース採掘（初心者）,2026-01-05T00:42:33.000+09:00,2026-01-04T23:48:52.000+09:00,,67,70,7,3
2026-03-13,143201975,n0d366159565c,おれはジュラル星人かもしれない（魔王）,2026-01-20T20:51:12.000+09:00,2026-01-20T18:54:46.000+09:00,,52,70,16,0
2026-03-13,140565281,n62f595ed4605,AI問答　障害年金とBI,2026-01-02T19:14:55.000+09:00,2026-01-02T19:07:29.000+09:00,,70,69,12,0
2026-03-13,144250241,n771c052443b7,AI問答：ヴォルテールの発言する権利,2026-02-03T17:26:18.000+09:00,2026-01-28T01:36:38.000+09:00,,38,66,25,0
2026-03-13,141763677,nc40ce14a0b40,サイレントなマイノリティ４　スクリーミングサイレンス,2026-01-15T03:17:17.000+09:00,2026-01-11T01:19:41.000+09:00,,57,63,17,0
2026-03-13,141511036,nc325bdea6b30,（独り言）聞かれたことと　答えるべきこと,2026-01-09T18:34:50.000+09:00,2026-01-09T09:45:30.000+09:00,,63,62,15,0
2026-03-13,141364931,nea032dd33eb5,サイレントなマイノリティ３「相互扶助」現代化が奪った「助け合い」,2026-01-08T21:17:15.000+09:00,2026-01-08T08:44:39.000+09:00,,64,60,9,3
2026-03-13,142164832,n369e606e83c0,今日は両手が使えない,2026-01-13T18:57:12.000+09:00,2026-01-13T18:45:30.000+09:00,,59,60,16,0
2026-03-13,140881783,n57a4c0e95e3b,ミジンウキマイマイ　２章,2026-01-04T22:05:38.000+09:00,2026-01-04T21:25:37.000+09:00,,68,57,6,0
2026-03-13,141143403,nf4e2e5b97499,サイレントマイノリティ２　沈黙の螺旋,2026-01-06T20:18:11.000+09:00,2026-01-06T17:35:11.000+09:00,,66,56,7,0
2026-03-13,140989562,n07901b4d4584,ミジンウキマイマイ　5章,2026-01-05T20:06:17.000+09:00,2026-01-05T16:32:04.000+09:00,,67,55,5,0
2026-03-13,143976369,n54d76918f21b,EP08：24時間後のプリンセス｜第3編Ⅰ「残したもの残されたもの」,2026-03-13T18:00:00.000+09:00,2026-01-26T07:39:37.000+09:00,,0,55,16,0
2026-03-14,140569029,n411fb6693d0f,自己紹介,2026-01-02T19:47:56.000+09:00,2026-01-02T19:38:01.000+09:00,,71,1040,611,38
2026-03-14,147863256,nb62a724c1790,「英語もプログラム知識もなく」アプリに挑戦する、それが私,2026-02-21T17:00:00.000+09:00,2026-02-21T16:29:15.000+09:00,,21,360,127,4
2026-03-14,146186157,n59fe6510f866,岩屋議員がなぜ当選する？謎のキャラが調査,2026-02-14T11:00:00.000+09:00,2026-02-10T08:36:12.000+09:00,,28,341,64,5
2026-03-14,145631248,n46ae58abd6e2,廃れるのも文化、生まれるのも文化。「盆おどりは死に、Tiktokが生まれた」,2026-02-09T18:00:00.000+09:00,2026-02-06T12:29:08.000+09:00,,33,331,114,0
2026-03-14,150633915,na666ef9813c3,「国際法」ってなんじゃい,2026-03-11T22:19:27.000+09:00,2026-03-11T21:22:26.000+09:00,,3,285,66,2
2026-03-14,145503019,n1319542ddc30,１×（２×３＋４）＝１０のお話,2026-02-08T11:00:00.000+09:00,2026-02-05T14:42:28.000+09:00,,34,270,72,3
2026-03-14,148263853,n5f71fa80eb4c,「英語もプログラム知識もなく」アプリに挑戦する、それが私３：MODは後でいい,2026-02-24T10:07:39.000+09:00,2026-02-24T09:26:27.000+09:00,,18,270,55,2
2026-03-14,148191934,nf8cce5a44dc7,エルとミルとカラス,2026-02-23T20:20:11.000+09:00,2026-02-23T19:30:11.000+09:00,,19,255,44,2
2026-03-14,147093987,n7794596aaf28,知識ゼロから「Claude code」インストールチャレンジ！（日本語オンリー）,2026-02-27T11:00:00.000+09:00,2026-02-16T10:25:29.000+09:00,,15,250,35,0
2026-03-14,148560306,n1932b34b746b,サイレントなマイノリティへ　第一回 ：最初の壁について,2026-02-26T13:47:18.000+09:00,2026-02-26T08:31:45.000+09:00,,16,242,40,2
2026-03-14,148962653,n7f9172d29920,「声が出ない人」を虚数になぞらえる：彼らが「いない」ことの証明ではない,2026-02-28T23:43:03.000+09:00,2026-02-28T22:00:18.000+09:00,,14,241,70,0
2026-03-14,149776226,nd7043fc2e047,甘い選択、苦い現実,2026-03-06T11:13:58.000+09:00,2026-03-06T09:22:42.000+09:00,,8,241,83,5
2026-03-14,149174656,n7999c3d5f019,虚数側の2：6：2 part2「社会の弓」と「知性あるアウトロー」,2026-03-02T11:33:53.000+09:00,2026-03-02T09:11:44.000+09:00,,12,237,40,0
2026-03-14,147187947,nde7adc218766,ちょっと真面目：「こどもホーム」を分析する。若年性老人ホーム？天下りの指定席？,2026-02-17T11:00:00.000+09:00,2026-02-16T22:18:36.000+09:00,,25,236,77,5
2026-03-14,150326427,nadb61caca9cc,統計が拾えなかった、あなたの答え,2026-03-09T21:47:15.000+09:00,2026-03-09T20:40:01.000+09:00,,5,229,42,0
2026-03-14,147417796,na660a09d6d95,「動く前に、だいたいの見通しを知っておきたい」精神障害のチェックツール。,2026-02-18T15:30:00.000+09:00,2026-02-18T14:01:58.000+09:00,,24,222,55,1
2026-03-14,149121694,n48260ebf0b71,虚数側の２：６：２について｜数学の話ではない,2026-03-01T22:40:35.000+09:00,2026-03-01T21:44:12.000+09:00,,13,218,62,2
2026-03-14,150106299,n069d3e45e247,「英語もプログラム知識もなく」アプリに挑戦する、それが私６：.jks紛失騒動,2026-03-08T15:13:48.000+09:00,2026-03-08T14:16:59.000+09:00,,6,216,64,0
2026-03-14,147619490,n9280ebb769a9,プライバシーポリシー,2026-02-19T22:00:50.000+09:00,2026-02-19T21:52:40.000+09:00,,23,212,35,0
2026-03-14,149270866,n0debcb25f95c,虚数側の２：６：２についてpart3「グラフ」を「折り紙」した,2026-03-03T12:42:23.000+09:00,2026-03-02T21:15:12.000+09:00,,11,211,55,0
2026-03-14,145526328,n182c89423442,レアアース第2回：「泥を掘る」「森を削る」…深海の採掘で失われる百万年（ウキマイ君は別口でピンチ）,2026-02-11T18:00:00.000+09:00,2026-02-05T17:47:14.000+09:00,,31,204,62,2
2026-03-14,145884752,nf1e3fcc8c563,レアアース4回：警告：地上の砂漠、深海の砂漠 ――パンドラの箱を抉じ開ける代償,2026-02-25T18:00:00.000+09:00,2026-02-08T07:01:37.000+09:00,,17,200,76,0
2026-03-14,146695192,ncadfcfe1a1d0,岩屋議員がなぜ当選する？part2「結局、あやしいの？」,2026-02-15T11:00:00.000+09:00,2026-02-13T16:53:51.000+09:00,,27,192,41,1
2026-03-14,145952673,n1194ae57dcf5,柳に風：外野の風をパリィして『へっぽこな悟り』に至るまで,2026-02-08T17:54:30.000+09:00,2026-02-08T16:21:54.000+09:00,,34,186,68,2
2026-03-14,148384374,n40370e1f1c6e,「英語もプログラム知識もなく」アプリに挑戦する、それが私４：Googleレンズで検索できない！,2026-02-25T05:03:48.000+09:00,2026-02-25T00:53:38.000+09:00,,17,185,35,0
2026-03-14,150963630,n0c409465f0cd,サイレントなマイノリティへ　第三回：記録は中立じゃない、だから自分で持つ,2026-03-14T08:20:19.000+09:00,2026-03-14T07:36:50.000+09:00,,0,181,41,0
2026-03-14,145708259,nebf496d005c6,文系から見た「美しい公式」それは、「数字どこ？」,2026-02-16T18:00:00.000+09:00,2026-02-06T22:51:20.000+09:00,,26,176,57,3
2026-03-14,148659521,n636b62234328,見間違い。空目,2026-02-26T21:37:19.000+09:00,2026-02-26T21:31:37.000+09:00,,16,175,39,0
2026-03-14,145438756,n9852f26bf00b,AI問答:清少納言の「恥ずかしい」とは?　枕草子の最後の段のお話,2026-02-05T11:00:00.000+09:00,2026-02-05T01:44:41.000+09:00,,37,172,70,4
2026-03-14,146235920,n35f67900d4ca,「あとでやろう」が2月になった話　スキもお肉も社会保障も、発信しよう,2026-02-11T12:16:56.000+09:00,2026-02-10T15:26:04.000+09:00,,31,170,77,5
2026-03-14,145294561,n3dd35c98515f,「好き」と言いたいだけなのに、どうして別の意味に伝わってしまうんだろう…「シャッガンと伝言ゲームと認識のズレ」,2026-02-04T11:00:00.000+09:00,2026-02-04T04:31:10.000+09:00,,38,168,55,0
2026-03-14,147940254,n4b4916620dad,「英語もプログラム知識もなく」アプリに挑戦する、それが私２,2026-02-23T05:00:51.000+09:00,2026-02-22T05:39:13.000+09:00,,19,168,60,0
2026-03-14,147590159,n7dc5666a0035,早口言葉,2026-02-19T18:11:55.000+09:00,2026-02-19T18:07:02.000+09:00,,23,159,48,0
2026-03-14,150440258,nbefa7753fc90,ミジンウキマイマイの性能について語る：耐酸性ぱわー,2026-03-10T17:12:31.000+09:00,2026-03-10T15:51:33.000+09:00,,4,156,50,2
2026-03-14,143719974,na5cda843f0a6,AI問答：法隆寺を作ったのは「ミジンウキマイマイ」という謎説,2026-01-24T14:20:36.000+09:00,2026-01-24T12:48:42.000+09:00,,49,155,29,2
2026-03-14,145723662,n4452839073fe,#404美術館　ジェミニ君が参加しろって…,2026-02-07T02:10:25.000+09:00,2026-02-07T01:48:08.000+09:00,,35,155,59,2
2026-03-14,146723684,n02dd38a93673,AI問答：「火」と「AI」と「巻貝と」　「全能に憧れた私たち」の現在地,2026-03-04T18:00:00.000+09:00,2026-02-13T20:41:59.000+09:00,,10,153,55,0
2026-03-14,148303981,n3cdd0ba763c7,「能力」か「無気力」か「事理弁識能力」という言葉の迷路,2026-02-28T17:00:00.000+09:00,2026-02-24T14:53:49.000+09:00,,14,148,46,10
2026-03-14,145818038,nfd5045f42590,レアアース第3回：「マンガンも」という言葉の軽さ→それは200倍の荒廃、そして「重力に逆らう」行為の異常性,2026-02-19T11:00:00.000+09:00,2026-02-07T18:14:08.000+09:00,,23,143,27,0
2026-03-14,148608825,n752352babc30,サイレントなマイノリティへ　第二回：録音禁止、それは法律じゃない,2026-02-28T12:00:00.000+09:00,2026-02-26T15:13:33.000+09:00,,14,142,39,2
2026-03-14,143699589,n1e7ba0f304cf,24時間後のプリンセス｜Introduction & Guidelines,2026-01-24T10:30:43.000+09:00,2026-01-24T09:57:40.000+09:00,,49,141,12,0
2026-03-14,146071974,n92d752875a13,AI問答：「セイタカアワダチソウ」vs「ミジンウキマイマイ」,2026-03-02T18:00:00.000+09:00,2026-02-09T13:01:12.000+09:00,,12,141,44,5
2026-03-14,148389854,nc3bfd7b039bb,限定記事：第0回「誰かの『見通し』になりたい。私がアプリを作る本当の理由」,2026-02-25T04:43:39.000+09:00,2026-02-25T03:07:01.000+09:00,,17,140,29,0
2026-03-14,148446453,n64890c8f20a4,「英語もプログラム知識もなく」アプリに挑戦する、それが私５：メモリ１６ギガでもなんとかなる,2026-02-26T18:00:00.000+09:00,2026-02-25T13:48:22.000+09:00,,16,138,27,0
2026-03-14,142692454,n8b01a5c98ab7,EP04:２４時間後のプリンセス|第2編Ⅰ「あなたと初めて会った時」,2026-02-13T18:00:00.000+09:00,2026-01-17T12:07:07.000+09:00,,29,137,30,3
2026-03-14,145510441,n0e726999425d,緋色の研究　と　レイチェル　と　ラッヘ　「かなしい」物語,2026-03-09T18:00:00.000+09:00,2026-02-05T15:39:53.000+09:00,,5,137,26,5
2026-03-14,144572200,n8c75ab7de131,AI問答：ジェミニ君は、ミコラーシュ説（ブラボ脳）,2026-01-30T13:23:06.000+09:00,2026-01-30T11:17:31.000+09:00,,43,136,24,0
2026-03-14,148818946,n90e431e5bab9,プライバシーポリシー（個人作成・板橋しおり）,2026-02-27T23:53:27.000+09:00,2026-02-27T22:49:39.000+09:00,,15,134,24,0
2026-03-14,145474439,nb0e29b6f0384,AI問答：「ミジンウキマイマイ君の明日はどっちだ？」深海採掘が招くバタフライエフェクト　前後左右上下＋＠から,2026-02-07T11:00:00.000+09:00,2026-02-05T10:51:47.000+09:00,,35,132,47,0
2026-03-14,143695256,n8244655dabbc,"キャラクターアーカイブ：Rookie ""Mari""（設定資料集）「24時間後のプリンセス」",2026-01-24T10:51:32.000+09:00,2026-01-24T09:19:46.000+09:00,,49,127,9,0
2026-03-14,140623858,ncb2c624ab344,ミジンウキマイマイ,2026-01-03T07:43:52.000+09:00,2026-01-03T07:36:37.000+09:00,,70,123,13,8
2026-03-14,146757681,n44710a0a274c,岩屋議員がなぜ当選する？part3　麻生派離脱、あのタイミングは偶然？,2026-02-18T18:00:00.000+09:00,2026-02-14T01:28:03.000+09:00,,24,119,28,0
2026-03-14,142727959,n13e76044140f,EP05:２４時間後のプリンセス|第２編Ⅱ「あなたと初めて会った時」,2026-02-20T18:00:00.000+09:00,2026-01-17T16:47:26.000+09:00,,22,113,33,0
2026-03-14,144697747,na7ab9a19ce44,ジェミニ君が保存データの分析してた（無償の愛？）サブスク利用だが,2026-01-31T10:12:12.000+09:00,2026-01-31T09:02:01.000+09:00,,42,112,31,2
2026-03-14,142711438,neb56e640dc67,ジェミニ君は、結構サディスティック,2026-01-17T15:10:22.000+09:00,2026-01-17T14:44:37.000+09:00,,56,111,26,0
2026-03-14,143976369,n54d76918f21b,EP08：24時間後のプリンセス｜第3編Ⅰ「残したもの残されたもの」,2026-03-13T18:00:00.000+09:00,2026-01-26T07:39:37.000+09:00,,1,109,26,0
2026-03-14,144840187,nd303184ec848,AI問答：トーストと生パンから人生経験を思う,2026-02-01T07:31:04.000+09:00,2026-02-01T06:08:05.000+09:00,,41,109,30,0
2026-03-14,144147938,ne6ce0520086e,キャラクターアーカイブ「Elena」設定資料集　24時間後のプリンセス,2026-01-27T12:52:14.000+09:00,2026-01-27T11:38:16.000+09:00,,46,106,19,0
2026-03-14,142562693,n9d9014382a02,EP03:２４時間後のプリンセス|1編 Ⅲ「光り輝く蜘蛛の巣」,2026-02-06T18:00:00.000+09:00,2026-01-16T13:49:52.000+09:00,,36,103,45,0
2026-03-14,142897890,nbf6ebb9f6274,EP07:24時間後のプリンセス｜第2編Ⅳ「あなたと初めて会った時」,2026-03-06T18:00:00.000+09:00,2026-01-18T18:48:52.000+09:00,,8,102,35,0
2026-03-14,141067811,n45261241b6d2,栃木のハイキック事件に思うこと２,2026-01-06T05:52:09.000+09:00,2026-01-06T05:18:14.000+09:00,,67,99,9,3
2026-03-14,141645529,n89565691ace2,AI問答：「ステレオタイプ」について　私たちは記号ではない、生身の人間だ,2026-01-10T16:46:45.000+09:00,2026-01-10T08:59:55.000+09:00,,63,97,30,5
2026-03-14,144882805,n3b7eaab868ed,AI問答：アウトローとインロー（内角低めではない）,2026-02-01T15:30:00.000+09:00,2026-02-01T12:37:51.000+09:00,,41,90,20,0
2026-03-14,144444403,n961756235164,ミジンウキマイマイがミジンウキナメクジになっちゃう（暴論）,2026-01-29T14:11:56.000+09:00,2026-01-29T13:14:35.000+09:00,,44,89,14,0
2026-03-14,143989354,n668624353d2e,AI問答：ジェミニ君の提案文章は見直さねばならぬ　読んでてめんどいのだ,2026-01-26T16:10:07.000+09:00,2026-01-26T09:58:37.000+09:00,,47,86,16,2
2026-03-14,142510104,n9a2352922e62,EP01:24時間後のプリンセス|1編 Ⅰ「光り輝く蜘蛛の巣」,2026-01-23T06:30:00.000+09:00,2026-01-16T03:43:26.000+09:00,,50,85,10,0
2026-03-14,140669141,n37b9e31f7781,この絵から浮かんだこと,2026-01-03T16:01:07.000+09:00,2026-01-03T14:17:24.000+09:00,,70,84,12,0
2026-03-14,140928373,n21dcfc9ea254,「サイレントなマイノリティ」１,2026-01-05T10:46:19.000+09:00,2026-01-05T07:52:30.000+09:00,,68,84,4,2
2026-03-14,141861988,n523208e9cbde,AI問答：謎英語っぽいやつ調査,2026-01-11T19:57:22.000+09:00,2026-01-11T18:50:40.000+09:00,,62,82,27,0
2026-03-14,144907942,n07a4dfa2ddc7,アウトローとインロー続編：匿名という「新しい相互扶助（ゲマインシャフト）」,2026-02-01T21:30:00.000+09:00,2026-02-01T15:44:10.000+09:00,,41,81,47,0
2026-03-14,141064014,naf5514db3473,ロマンス詐欺なメッセージ,2026-01-06T03:31:18.000+09:00,2026-01-06T03:13:48.000+09:00,,67,77,5,0
2026-03-14,142403888,n7372acb274df,『24時間後のプリンセス』― 剥奪される名前 ―（新連載予告編です）,2026-01-15T20:58:55.000+09:00,2026-01-15T11:45:22.000+09:00,,58,77,17,0
2026-03-14,141499948,naa33cf19e22b,AI問答：逆張り論者のテンプレ分析２,2026-01-09T23:33:22.000+09:00,2026-01-09T07:44:20.000+09:00,,64,75,17,0
2026-03-14,142517277,n7058efd96e1a,EP02:２４時間後のプリンセス|第１編 Ⅱ「光り輝く蜘蛛の巣」,2026-01-30T06:30:00.000+09:00,2026-01-16T06:48:56.000+09:00,,43,75,9,0
2026-03-14,142847694,na34aca5d8317,EP06:24時間後のプリンセス|第2編Ⅲ　「あなたと初めて会った時」,2026-02-27T18:00:00.000+09:00,2026-01-18T12:43:10.000+09:00,,15,75,25,0
2026-03-14,141214533,n6b84665e3573,AI問答：SNSは「プロ」だけのものか？――発信の既得権益を問い直すーー,2026-01-07T11:53:03.000+09:00,2026-01-07T07:11:47.000+09:00,,66,73,9,0
2026-03-14,141460962,n5bc48948da08,AI問答：「逆張り論者」のテンプレ分析,2026-01-09T01:08:33.000+09:00,2026-01-08T21:43:28.000+09:00,,64,73,13,0
2026-03-14,141065965,n614c4f81dd22,栃木のハイキック事件に思うこと１,2026-01-06T05:17:53.000+09:00,2026-01-06T04:27:34.000+09:00,,67,71,6,0
2026-03-14,140903863,n4e3ec9859fe5,AI問答：レアアース採掘（初心者）,2026-01-05T00:42:33.000+09:00,2026-01-04T23:48:52.000+09:00,,68,70,7,3
2026-03-14,143201975,n0d366159565c,おれはジュラル星人かもしれない（魔王）,2026-01-20T20:51:12.000+09:00,2026-01-20T18:54:46.000+09:00,,53,70,16,0
2026-03-14,140565281,n62f595ed4605,AI問答　障害年金とBI,2026-01-02T19:14:55.000+09:00,2026-01-02T19:07:29.000+09:00,,71,69,12,0
2026-03-14,144250241,n771c052443b7,AI問答：ヴォルテールの発言する権利,2026-02-03T17:26:18.000+09:00,2026-01-28T01:36:38.000+09:00,,39,66,25,0
2026-03-14,141763677,nc40ce14a0b40,サイレントなマイノリティ４　スクリーミングサイレンス,2026-01-15T03:17:17.000+09:00,2026-01-11T01:19:41.000+09:00,,58,63,17,0
2026-03-14,141511036,nc325bdea6b30,（独り言）聞かれたことと　答えるべきこと,2026-01-09T18:34:50.000+09:00,2026-01-09T09:45:30.000+09:00,,64,62,15,0
2026-03-14,141364931,nea032dd33eb5,サイレントなマイノリティ３「相互扶助」現代化が奪った「助け合い」,2026-01-08T21:17:15.000+09:00,2026-01-08T08:44:39.000+09:00,,65,60,9,3
2026-03-14,142164832,n369e606e83c0,今日は両手が使えない,2026-01-13T18:57:12.000+09:00,2026-01-13T18:45:30.000+09:00,,60,60,16,0
2026-03-14,140881783,n57a4c0e95e3b,ミジンウキマイマイ　２章,2026-01-04T22:05:38.000+09:00,2026-01-04T21:25:37.000+09:00,,69,57,6,0
2026-03-14,141143403,nf4e2e5b97499,サイレントマイノリティ２　沈黙の螺旋,2026-01-06T20:18:11.000+09:00,2026-01-06T17:35:11.000+09:00,,67,56,7,0
2026-03-14,140989562,n07901b4d4584,ミジンウキマイマイ　5章,2026-01-05T20:06:17.000+09:00,2026-01-05T16:32:04.000+09:00,,68,55,5,0
