日付,時刻,フォロワー数
2026/03/08,17:46:05,929
2026/03/08,22:52:57,931
2026/03/09,05:54:16,934
2026/03/09,14:14:37,937
2026/03/10,14:01:38,942
2026/03/10,19:06:51,944
2026/03/10,23:36:25,945
2026/03/11,03:09:38,946
2026/03/11,14:04:02,950
2026/03/11,19:08:37,953
2026/03/11,23:38:58,954
2026/03/12,03:36:41,955
2026/03/12,14:08:45,957
2026/03/13,14:06:58,960
2026/03/13,19:00:06,964
2026/03/13,23:31:27,965
2026/03/14,02:54:27,966
2026/03/14,14:03:32,968
2026/03/14,22:57:58,967
2026/03/15,02:02:15,972
2026/03/15,05:57:54,973
2026/03/15,14:45:48,975
2026/03/15,18:51:37,977
2026/03/15,23:00:54,978
2026/03/16,02:02:53,977
2026/03/16,15:01:32,979
2026/03/16,20:14:56,981
2026/03/17,00:46:18,983
2026/03/17,06:57:56,984
2026/03/17,14:15:44,986
2026/03/17,19:37:26,987
2026/03/18,11:03:18,989
2026/03/18,17:46:39,988
2026/03/18,22:07:57,990
2026/03/19,11:04:12,991
2026/03/19,14:22:23,994
2026/03/20,01:57:27,995
2026/03/20,05:36:09,996
2026/03/20,10:58:01,998
2026/03/20,14:15:43,997
2026/03/20,17:39:02,996
2026/03/20,21:56:38,997
2026/03/21,01:41:43,999
2026/03/21,10:52:13,1001
2026/03/21,14:06:34,1002
2026/03/21,17:31:43,1003
2026/03/22,01:28:21,1004
2026/03/22,11:04:09,1006
2026/03/22,17:33:06,1007
2026/03/23,01:29:22,1008
2026/03/23,11:05:00,1010
2026/03/24,01:56:29,1014
2026/03/24,14:23:18,1015
2026/03/24,17:52:18,1017
2026/03/25,01:59:19,1018
2026/03/25,11:02:43,1019
2026/03/25,14:23:09,1020
2026/03/25,17:50:30,1023
2026/03/25,22:06:55,1024
2026/03/26,02:01:15,1027
2026/03/26,11:08:48,1028
2026/03/26,14:41:09,1030
2026/03/26,17:54:35,1031
2026/03/27,22:03:26,1034
2026/03/28,14:21:08,1035
2026/03/28,21:52:43,1036
2026/03/29,11:12:20,1037
2026/03/29,14:44:08,1038
2026/03/29,17:38:26,1039
2026/03/30,01:33:42,1041
2026/04/01,11:27:32,1040
2026/04/01,18:03:08,1041
2026/04/02,17:54:59,1042
2026/04/02,22:10:22,1041
2026/04/03,01:55:37,1040
2026/04/03,05:34:09,1038
2026/04/03,11:08:24,1039
2026/04/04,14:21:11,1040
2026/04/05,21:54:55,1041
2026/04/06,11:23:46,1040
2026/04/06,22:06:43,1041
2026/04/07,11:10:51,1037
2026/04/07,22:15:43,1036
2026/04/08,01:57:05,1037
2026/04/08,22:17:36,1038
2026/04/09,22:24:30,1040
2026/04/10,05:49:29,1039
2026/04/10,14:57:22,1038
2026/04/11,11:04:59,1039
2026/04/12,17:45:46,1038
2026/04/13,05:34:51,1037
2026/04/13,11:32:01,1038
2026/04/13,18:54:00,1039
2026/04/14,22:22:23,1040
2026/04/15,18:18:13,1038
2026/04/16,02:02:37,1037
2026/04/16,05:44:56,1036
2026/04/16,11:30:57,1037
2026/04/16,22:27:08,1038
2026/04/17,11:26:57,1037
2026/04/17,18:16:19,1038
2026/04/17,22:16:05,1037
2026/04/18,05:42:34,1038
2026/04/18,11:09:49,1039
2026/04/18,14:41:33,1040
2026/04/19,11:31:05,1041
2026/04/20,15:14:10,1040
2026/04/21,11:27:59,1042
2026/04/21,18:24:55,1043
2026/04/22,05:51:39,1042
2026/04/22,14:59:42,1041
2026/04/23,11:29:12,1042
2026/04/23,22:25:16,1041
2026/04/24,02:19:22,1040
2026/04/25,14:47:36,1041
2026/04/26,05:37:35,1040
2026/04/26,11:34:31,1039
2026/04/27,11:36:28,1038
2026/04/28,19:12:38,1039
2026/04/29,02:45:46,1040
2026/04/30,06:02:43,1041
2026/04/30,15:26:28,1039
2026/04/30,19:05:28,1040
2026/05/03,01:43:58,1039
2026/05/03,11:44:00,1040
2026/05/04,01:47:52,1039
2026/05/04,11:41:38,1038
2026/05/05,02:28:47,1037
2026/05/05,11:35:06,1036
2026/05/06,02:22:45,1037
2026/05/08,18:18:38,1038
2026/05/09,11:40:38,1039
2026/05/09,15:15:12,1042
2026/05/09,18:18:25,1041
2026/05/10,11:46:08,1040
2026/05/12,11:47:31,1041
2026/05/12,19:30:38,1042
2026/05/13,23:29:17,1043
2026/05/15,15:54:15,1044
2026/05/15,19:21:58,1047
2026/05/15,23:02:59,1049
2026/05/16,11:44:07,1050
2026/05/16,18:28:48,1049
2026/05/17,11:53:01,1050
2026/05/17,15:43:43,1051
2026/05/17,18:45:55,1054
2026/05/17,22:16:48,1056
2026/05/18,01:56:41,1057
2026/05/18,12:30:21,1059
2026/05/18,17:01:30,1060
2026/05/19,00:28:47,1062
2026/05/19,06:11:57,1063
2026/05/19,11:59:07,1064
2026/05/19,16:44:11,1069
2026/05/19,20:16:32,1071
2026/05/20,03:04:28,1070
2026/05/20,11:59:16,1071
2026/05/20,23:59:01,1074
2026/05/21,06:51:36,1068
2026/05/21,20:21:47,1069
2026/05/22,19:49:21,1070
2026/05/23,11:48:11,1071
2026/05/23,18:51:14,1073
2026/05/23,22:21:51,1074
2026/05/24,01:57:45,1075
2026/05/24,15:58:04,1074
2026/05/24,18:53:27,1073
2026/05/25,05:54:33,1072
2026/05/25,12:37:15,1073
2026/05/25,17:19:57,1075
2026/05/26,11:56:09,1076
2026/05/26,16:43:25,1077
2026/05/27,06:43:50,1075
2026/05/27,12:35:45,1077
2026/05/28,00:37:12,1075
2026/05/28,03:26:02,1076
2026/05/28,11:55:22,1075
2026/05/28,20:38:02,1074
2026/05/29,03:35:16,1073
2026/05/29,20:27:28,1072
2026/05/31,19:14:31,1073
2026/06/01,12:52:13,1072
2026/06/01,18:25:23,1071
2026/06/02,17:28:01,1072
