日付,時刻,フォロワー数
2026/03/08,17:46:05,929
2026/03/08,22:52:57,931
2026/03/09,05:54:16,934
2026/03/09,14:14:37,937
2026/03/10,14:01:38,942
2026/03/10,19:06:51,944
2026/03/10,23:36:25,945
2026/03/11,03:09:38,946
2026/03/11,14:04:02,950
2026/03/11,19:08:37,953
2026/03/11,23:38:58,954
2026/03/12,03:36:41,955
2026/03/12,14:08:45,957
2026/03/13,14:06:58,960
2026/03/13,19:00:06,964
2026/03/13,23:31:27,965
2026/03/14,02:54:27,966
2026/03/14,14:03:32,968
2026/03/14,22:57:58,967
2026/03/15,02:02:15,972
2026/03/15,05:57:54,973
2026/03/15,14:45:48,975
2026/03/15,18:51:37,977
2026/03/15,23:00:54,978
2026/03/16,02:02:53,977
2026/03/16,15:01:32,979
2026/03/16,20:14:56,981
2026/03/17,00:46:18,983
2026/03/17,06:57:56,984
2026/03/17,14:15:44,986
2026/03/17,19:37:26,987
2026/03/18,11:03:18,989
2026/03/18,17:46:39,988
2026/03/18,22:07:57,990
2026/03/19,11:04:12,991
2026/03/19,14:22:23,994
