rank,key,title,期間増加PV,1日平均PV,期間開始PV,期間終了PV,分析期間(日),集計日
1,nbefa7753fc90,ミジンウキマイマイの性能について語る：耐酸性ぱわー,24,0.8,167,191,30,2026-06-02
2,n86f59f56da4d,「平面のパッチワーク」であれこれ見てみる,4,0.13,0,4,30,2026-06-02
3,n411fb6693d0f,自己紹介,3,0.1,1104,1107,30,2026-06-02
4,n1740457db640,平面のパッチワーク４：調和と上書き-多様性の中身,2,0.07,0,2,30,2026-06-02
5,nd829559a04e3,いろんな解像度を落とせない人、ええじゃないか民の私：ええじゃないか、よいではないか、πでいいじゃないか,2,0.07,0,2,30,2026-06-02
6,n90e431e5bab9,プライバシーポリシー（個人作成・板橋しおり）,2,0.07,176,178,30,2026-06-02
7,n7455aaffad99,ネガティブに「デジタルニッポン２０２５」を読んでみる＋＠　個人情報を国が守らない時代へ,1,0.03,0,1,30,2026-06-02
8,n67637a30fdfa,「バカ」と「度し難し」の似てるところと違うところ,1,0.03,288,289,30,2026-06-02
9,nadb61caca9cc,統計が拾えなかった、あなたの答え,1,0.03,236,237,30,2026-06-02
10,na666ef9813c3,「国際法」ってなんじゃい,1,0.03,313,314,30,2026-06-02
11,ncb2c624ab344,ミジンウキマイマイ,1,0.03,131,132,30,2026-06-02
12,nd7043fc2e047,甘い選択、苦い現実,1,0.03,253,254,30,2026-06-02
